timestamp,air_temp_c,humidity_pct,wind_speed_ms,solar_radiation,utci
2018-06-01 00:00:00,18.8,97,10.4,18.0,17.674
2018-06-01 01:00:00,18.5,97,11.6,0.0,16.96
2018-06-01 02:00:00,18.2,97,10.5,0.0,16.990000000000002
2018-06-01 03:00:00,18.0,94,9.4,0.0,17.06
2018-06-01 04:00:00,17.9,94,9.2,0.0,17.019999999999996
2018-06-01 05:00:00,17.8,96,9.4,0.0,16.9
2018-06-01 06:00:00,17.7,98,6.3,0.0,17.77
2018-06-01 07:00:00,17.7,100,5.4,0.0,18.08
2018-06-01 08:00:00,17.8,100,5.6,0.0,18.12
2018-06-01 09:00:00,17.9,100,5.9,0.0,18.13
2018-06-01 10:00:00,17.9,100,6.1,1.0,18.073
2018-06-01 11:00:00,18.0,100,4.0,8.0,18.824
2018-06-01 12:00:00,18.4,99,6.4,29.0,18.547
2018-06-01 13:00:00,18.5,99,6.3,27.0,18.671
2018-06-01 14:00:00,18.9,98,6.4,68.0,19.144
2018-06-01 15:00:00,19.5,96,6.1,123.0,19.959000000000003
2018-06-01 16:00:00,20.8,93,7.4,264.0,21.232000000000003
2018-06-01 17:00:00,22.9,89,4.2,558.0,25.093999999999998
2018-06-01 18:00:00,25.0,81,1.8,613.0,27.919
2018-06-01 19:00:00,26.0,75,5.9,579.0,27.467
2018-06-01 20:00:00,25.8,77,9.0,444.0,25.972
2018-06-01 21:00:00,25.8,79,9.0,436.0,25.988000000000003
2018-06-01 22:00:00,25.4,82,9.5,264.0,24.982
2018-06-01 23:00:00,22.7,90,13.0,148.0,21.044
2018-06-02 00:00:00,21.4,97,7.1,47.0,21.351
2018-06-02 01:00:00,20.6,98,6.6,1.0,20.583000000000002
2018-06-02 02:00:00,20.4,98,3.7,0.0,21.25
2018-06-02 03:00:00,19.7,100,3.1,0.0,20.77
2018-06-02 04:00:00,20.2,99,2.9,0.0,21.31
2018-06-02 05:00:00,19.8,99,4.1,0.0,20.55
2018-06-02 06:00:00,19.7,99,5.4,0.0,20.06
2018-06-02 07:00:00,19.4,99,6.8,0.0,19.34
2018-06-02 08:00:00,19.4,99,5.6,0.0,19.7
2018-06-02 09:00:00,19.9,97,6.5,0.0,19.89
2018-06-02 10:00:00,20.1,97,7.3,7.0,19.871000000000002
2018-06-02 11:00:00,20.9,96,9.0,75.0,20.345000000000002
2018-06-02 12:00:00,23.1,89,8.7,207.0,22.891000000000002
2018-06-02 13:00:00,25.2,82,9.4,437.0,25.331
2018-06-02 14:00:00,26.7,74,12.6,604.0,26.212
2018-06-02 15:00:00,27.5,71,13.7,715.0,26.955000000000002
2018-06-02 16:00:00,28.1,67,12.3,776.0,28.078
2018-06-02 17:00:00,26.6,68,16.9,660.0,24.87
2018-06-02 18:00:00,26.3,72,11.9,251.0,24.923000000000002
2018-06-02 19:00:00,26.8,69,14.7,329.0,24.756999999999998
2018-06-02 20:00:00,26.5,70,12.8,333.0,25.058999999999997
2018-06-02 21:00:00,26.0,75,10.3,318.0,25.364
2018-06-02 22:00:00,26.2,74,11.8,276.0,24.968
2018-06-02 23:00:00,25.0,79,12.4,154.0,23.322
2018-06-03 00:00:00,24.0,85,9.9,39.0,22.847
2018-06-03 01:00:00,23.0,79,10.7,1.0,21.372999999999998
2018-06-03 02:00:00,21.9,86,6.6,0.0,21.639999999999997
2018-06-03 03:00:00,20.9,97,9.7,0.0,19.93
2018-06-03 04:00:00,20.2,94,15.6,0.0,17.4
2018-06-03 05:00:00,18.5,91,18.1,0.0,14.89
2018-06-03 06:00:00,17.5,90,14.4,0.0,14.98
2018-06-03 07:00:00,17.0,89,13.8,0.0,14.64
2018-06-03 08:00:00,16.6,90,14.9,0.0,13.930000000000003
2018-06-03 09:00:00,16.2,87,15.6,0.0,13.259999999999998
2018-06-03 10:00:00,15.8,87,14.7,1.0,13.133
2018-06-03 11:00:00,15.7,84,15.3,29.0,12.876999999999999
2018-06-03 12:00:00,16.0,77,15.4,74.0,13.141999999999998
2018-06-03 13:00:00,16.5,72,17.0,220.0,13.500000000000002
2018-06-03 14:00:00,17.1,69,17.4,364.0,14.352000000000002
2018-06-03 15:00:00,17.1,69,17.4,316.0,14.208000000000002
2018-06-03 16:00:00,16.8,70,17.3,190.0,13.579999999999998
2018-06-03 17:00:00,17.2,66,16.2,169.0,14.167
2018-06-03 18:00:00,17.6,65,17.1,297.0,14.661000000000003
2018-06-03 19:00:00,17.6,66,19.1,375.0,14.315000000000001
2018-06-03 20:00:00,17.8,64,19.9,493.0,14.589000000000002
2018-06-03 21:00:00,17.3,63,20.6,518.0,13.934000000000003
2018-06-03 22:00:00,15.8,64,20.3,237.0,11.701000000000002
2018-06-03 23:00:00,14.8,68,20.8,177.0,10.451
2018-06-04 00:00:00,14.0,73,15.9,69.0,10.897000000000002
2018-06-04 01:00:00,13.2,76,16.8,2.0,9.686
2018-06-04 02:00:00,12.9,77,17.8,0.0,9.100000000000001
2018-06-04 03:00:00,12.2,86,17.0,0.0,8.82
2018-06-04 04:00:00,12.1,88,17.8,0.0,8.52
2018-06-04 05:00:00,12.1,86,18.7,0.0,8.21
2018-06-04 06:00:00,11.9,91,17.2,0.0,8.560000000000002
2018-06-04 07:00:00,12.0,91,16.3,0.0,8.93
2018-06-04 08:00:00,12.2,92,19.0,0.0,8.34
2018-06-04 09:00:00,12.6,91,19.1,0.0,8.69
2018-06-04 10:00:00,12.6,93,15.2,0.0,9.899999999999999
2018-06-04 11:00:00,12.4,93,16.8,5.0,9.235
2018-06-04 12:00:00,11.6,90,16.3,11.0,8.543000000000001
2018-06-04 13:00:00,12.0,90,13.4,45.0,9.915000000000001
2018-06-04 14:00:00,12.8,87,13.5,166.0,10.988000000000001
2018-06-04 15:00:00,14.6,82,12.4,559.0,14.197
2018-06-04 16:00:00,16.0,78,8.6,617.0,16.831
2018-06-04 17:00:00,17.0,75,9.3,607.0,17.531000000000002
2018-06-04 18:00:00,18.0,72,11.0,585.0,17.895
2018-06-04 19:00:00,18.8,69,10.3,398.0,18.284
2018-06-04 20:00:00,19.6,67,7.2,330.0,19.77
2018-06-04 21:00:00,20.6,64,6.4,415.0,21.205000000000002
2018-06-04 22:00:00,20.5,64,1.5,207.0,21.951
2018-06-04 23:00:00,20.2,69,5.6,183.0,20.448999999999998
2018-06-05 00:00:00,19.1,80,5.5,60.0,19.230000000000004
2018-06-05 01:00:00,17.1,91,4.6,3.0,17.549000000000003
2018-06-05 02:00:00,16.9,92,6.3,0.0,16.849999999999998
2018-06-05 03:00:00,16.1,91,6.9,0.0,15.850000000000001
2018-06-05 04:00:00,16.2,89,1.5,0.0,17.53
2018-06-05 05:00:00,16.1,88,16.0,0.0,13.060000000000002
2018-06-05 06:00:00,15.4,80,11.0,0.0,13.7
2018-06-05 07:00:00,13.9,81,8.2,0.0,13.06
2018-06-05 08:00:00,12.4,86,6.5,0.0,12.170000000000002
2018-06-05 09:00:00,12.5,87,5.9,0.0,12.47
2018-06-05 10:00:00,13.1,88,8.7,10.0,12.28
2018-06-05 11:00:00,14.1,84,11.5,116.0,12.678
2018-06-05 12:00:00,16.5,73,13.0,289.0,14.927
2018-06-05 13:00:00,18.7,65,16.0,473.0,16.619
2018-06-05 14:00:00,20.0,61,17.0,508.0,17.644
2018-06-05 15:00:00,21.2,57,19.7,691.0,18.503
2018-06-05 16:00:00,22.2,53,23.8,795.0,18.505
2018-06-05 17:00:00,21.9,57,24.6,883.0,18.309
2018-06-05 18:00:00,21.4,60,23.7,622.0,17.355999999999998
2018-06-05 19:00:00,21.9,56,15.6,612.0,20.176
2018-06-05 20:00:00,22.0,52,20.1,527.0,18.590999999999998
2018-06-05 21:00:00,22.0,51,21.9,434.0,17.752
2018-06-05 22:00:00,20.4,61,14.8,235.0,17.884999999999994
2018-06-05 23:00:00,20.0,64,8.0,186.0,19.438000000000002
2018-06-06 00:00:00,18.4,66,8.6,54.0,17.302
2018-06-06 01:00:00,17.1,71,9.4,3.0,15.709000000000003
2018-06-06 02:00:00,17.0,69,13.3,0.0,14.389999999999999
2018-06-06 03:00:00,15.6,78,8.8,0.0,14.52
2018-06-06 04:00:00,14.6,85,7.6,0.0,14.020000000000001
2018-06-06 05:00:00,14.4,88,6.7,0.0,14.15
2018-06-06 06:00:00,14.7,87,6.4,0.0,14.519999999999998
2018-06-06 07:00:00,14.8,82,4.9,0.0,14.97
2018-06-06 08:00:00,14.4,81,6.0,0.0,14.219999999999999
2018-06-06 09:00:00,13.8,80,6.3,0.0,13.51
2018-06-06 10:00:00,13.5,82,6.6,8.0,13.184
2018-06-06 11:00:00,14.3,78,9.0,101.0,13.463000000000003
2018-06-06 12:00:00,15.7,71,4.7,229.0,16.397
2018-06-06 13:00:00,16.8,65,6.0,401.0,17.503
2018-06-06 14:00:00,17.6,62,5.8,451.0,18.453000000000003
2018-06-06 15:00:00,17.8,63,4.5,333.0,18.709
2018-06-06 16:00:00,18.6,59,1.6,429.0,20.587
2018-06-06 17:00:00,19.0,58,2.9,378.0,20.424
2018-06-06 18:00:00,20.3,55,4.7,778.0,22.324
2018-06-06 19:00:00,20.4,51,4.3,472.0,21.546
2018-06-06 20:00:00,20.4,50,3.7,342.0,21.316
2018-06-06 21:00:00,20.2,54,4.4,336.0,20.968
2018-06-06 22:00:00,19.8,59,4.7,183.0,20.119
2018-06-06 23:00:00,17.6,76,14.2,118.0,15.214
2018-06-07 00:00:00,15.6,83,12.1,57.0,13.800999999999998
2018-06-07 01:00:00,15.3,84,12.7,3.0,13.179000000000002
2018-06-07 02:00:00,15.5,85,10.8,0.0,13.959999999999999
2018-06-07 03:00:00,15.6,86,10.1,0.0,14.290000000000001
2018-06-07 04:00:00,15.4,87,9.4,0.0,14.32
2018-06-07 05:00:00,15.1,88,7.9,0.0,14.489999999999998
2018-06-07 06:00:00,15.1,88,7.3,0.0,14.67
2018-06-07 07:00:00,15.2,89,6.5,0.0,15.030000000000001
2018-06-07 08:00:00,14.7,91,5.2,0.0,14.959999999999999
2018-06-07 09:00:00,14.4,91,5.0,0.0,14.719999999999999
2018-06-07 10:00:00,15.0,89,5.4,8.0,15.184
2018-06-07 11:00:00,15.8,83,7.2,83.0,15.549000000000001
2018-06-07 12:00:00,16.2,80,8.4,182.0,15.826
2018-06-07 13:00:00,17.2,75,9.7,349.0,16.837
2018-06-07 14:00:00,17.5,73,9.4,274.0,16.962
2018-06-07 15:00:00,17.7,73,9.7,300.0,17.15
2018-06-07 16:00:00,17.9,73,10.5,285.0,17.065
2018-06-07 17:00:00,18.6,71,13.2,428.0,17.344
2018-06-07 18:00:00,19.3,65,14.8,625.0,18.035
2018-06-07 19:00:00,19.4,65,15.3,598.0,17.904
2018-06-07 20:00:00,19.1,66,18.2,586.0,16.718
2018-06-07 21:00:00,18.6,69,16.8,489.0,16.407
2018-06-07 22:00:00,17.9,73,16.3,334.0,15.472
2018-06-07 23:00:00,17.1,77,15.3,228.0,14.734
2018-06-08 00:00:00,15.8,83,15.7,81.0,12.993
2018-06-08 01:00:00,14.9,90,13.9,4.0,12.542
2018-06-08 02:00:00,14.6,93,8.3,0.0,13.97
2018-06-08 03:00:00,14.8,93,8.7,0.0,14.05
2018-06-08 04:00:00,14.7,93,8.4,0.0,14.04
2018-06-08 05:00:00,14.5,93,7.3,0.0,14.17
2018-06-08 06:00:00,14.3,93,7.8,0.0,13.82
2018-06-08 07:00:00,14.0,92,7.7,0.0,13.53
2018-06-08 08:00:00,13.6,92,7.3,0.0,13.25
2018-06-08 09:00:00,13.4,91,7.8,0.0,12.88
2018-06-08 10:00:00,13.8,91,8.0,10.0,13.25
2018-06-08 11:00:00,15.4,87,9.0,109.0,14.767000000000001
2018-06-08 12:00:00,17.6,85,6.4,260.0,18.160000000000004
2018-06-08 13:00:00,19.6,81,6.1,448.0,20.734000000000005
2018-06-08 14:00:00,21.5,77,6.6,583.0,22.808999999999997
2018-06-08 15:00:00,23.2,70,6.8,721.0,24.723
2018-06-08 16:00:00,24.5,65,8.8,749.0,25.407
2018-06-08 17:00:00,25.4,60,10.0,828.0,26.083999999999996
2018-06-08 18:00:00,25.5,57,10.3,649.0,25.497
2018-06-08 19:00:00,25.9,54,10.3,611.0,25.722999999999995
2018-06-08 20:00:00,26.0,53,11.2,578.0,25.433999999999997
2018-06-08 21:00:00,25.5,56,11.6,417.0,24.391000000000002
2018-06-08 22:00:00,25.2,59,7.6,294.0,24.982
2018-06-08 23:00:00,24.6,63,7.3,209.0,24.297
2018-06-09 00:00:00,23.0,74,6.4,75.0,22.785000000000004
2018-06-09 01:00:00,22.5,72,10.3,3.0,20.859
2018-06-09 02:00:00,22.2,72,14.7,0.0,19.23
2018-06-09 03:00:00,20.8,78,9.9,0.0,19.39
2018-06-09 04:00:00,19.7,84,8.7,0.0,18.77
2018-06-09 05:00:00,19.8,84,12.2,0.0,17.82
2018-06-09 06:00:00,19.1,87,9.2,0.0,18.08
2018-06-09 07:00:00,18.5,90,6.0,0.0,18.5
2018-06-09 08:00:00,18.0,92,6.8,0.0,17.8
2018-06-09 09:00:00,17.5,90,9.1,0.0,16.57
2018-06-09 10:00:00,17.1,91,10.1,10.0,15.920000000000002
2018-06-09 11:00:00,18.0,83,11.5,109.0,16.537000000000003
2018-06-09 12:00:00,19.5,68,12.3,280.0,18.009999999999998
2018-06-09 13:00:00,20.8,62,11.5,421.0,19.853
2018-06-09 14:00:00,22.1,61,9.7,623.0,22.279
2018-06-09 15:00:00,23.4,59,7.7,763.0,24.559
2018-06-09 16:00:00,24.5,55,6.6,871.0,26.233
2018-06-09 17:00:00,25.2,51,6.5,906.0,26.988
2018-06-09 18:00:00,25.6,48,6.2,849.0,27.247000000000003
2018-06-09 19:00:00,25.4,46,9.0,559.0,25.297
2018-06-09 20:00:00,24.5,50,12.6,351.0,22.773
2018-06-09 21:00:00,24.9,47,13.2,452.0,23.236
2018-06-09 22:00:00,24.7,47,10.6,433.0,23.759
2018-06-09 23:00:00,23.4,54,6.4,225.0,23.234999999999996
2018-06-10 00:00:00,21.1,69,6.0,34.0,20.782
2018-06-10 01:00:00,19.4,84,5.2,3.0,19.529
2018-06-10 02:00:00,17.6,90,5.2,0.0,17.840000000000003
2018-06-10 03:00:00,17.2,89,6.5,0.0,17.03
2018-06-10 04:00:00,19.2,79,2.7,0.0,19.970000000000002
2018-06-10 05:00:00,18.1,89,4.3,0.0,18.590000000000003
2018-06-10 06:00:00,18.0,90,4.5,0.0,18.45
2018-06-10 07:00:00,18.2,83,4.3,0.0,18.57
2018-06-10 08:00:00,18.0,73,5.1,0.0,17.93
2018-06-10 09:00:00,17.5,72,8.0,0.0,16.540000000000003
2018-06-10 10:00:00,17.3,78,8.7,4.0,16.262
2018-06-10 11:00:00,17.9,79,12.6,28.0,15.783999999999997
2018-06-10 12:00:00,17.8,74,8.9,87.0,16.871
2018-06-10 13:00:00,18.0,75,6.6,101.0,17.823
2018-06-10 14:00:00,19.0,68,6.1,225.0,19.205000000000002
2018-06-10 15:00:00,20.0,63,4.6,269.0,20.687
2018-06-10 16:00:00,20.5,58,5.5,326.0,20.988000000000003
2018-06-10 17:00:00,19.5,63,8.3,213.0,18.909000000000002
2018-06-10 18:00:00,18.5,67,9.7,261.0,17.713
2018-06-10 19:00:00,17.6,68,9.8,238.0,16.733999999999998
2018-06-10 20:00:00,17.4,68,8.0,248.0,17.104
2018-06-10 21:00:00,17.2,68,6.6,152.0,17.035999999999998
2018-06-10 22:00:00,17.2,67,5.1,100.0,17.31
2018-06-10 23:00:00,17.3,67,3.1,81.0,17.953
2018-06-11 00:00:00,16.3,78,5.6,25.0,16.255
2018-06-11 01:00:00,15.9,82,5.9,2.0,15.776
2018-06-11 02:00:00,15.8,83,4.7,0.0,16.05
2018-06-11 03:00:00,15.6,82,3.1,0.0,16.31
2018-06-11 04:00:00,15.9,72,2.2,0.0,16.68
2018-06-11 05:00:00,15.6,73,1.9,0.0,16.49
2018-06-11 06:00:00,15.1,79,2.1,0.0,16.05
2018-06-11 07:00:00,14.4,89,3.2,0.0,15.219999999999999
2018-06-11 08:00:00,14.9,86,3.5,0.0,15.57
2018-06-11 09:00:00,14.6,89,2.9,0.0,15.51
2018-06-11 10:00:00,14.6,88,2.4,3.0,15.649
2018-06-11 11:00:00,15.4,85,3.9,35.0,16.035
2018-06-11 12:00:00,15.6,79,5.0,88.0,15.943999999999999
2018-06-11 13:00:00,16.2,78,5.8,210.0,16.65
2018-06-11 14:00:00,17.4,74,8.0,419.0,17.737000000000002
2018-06-11 15:00:00,18.4,64,9.3,516.0,18.438000000000002
2018-06-11 16:00:00,19.1,58,11.6,632.0,18.676000000000002
2018-06-11 17:00:00,19.5,53,12.2,701.0,19.003
2018-06-11 18:00:00,20.4,50,11.4,877.0,20.610999999999997
2018-06-11 19:00:00,20.8,50,9.0,862.0,21.686
2018-06-11 20:00:00,21.0,48,8.6,768.0,21.684000000000005
2018-06-11 21:00:00,20.5,54,11.4,628.0,20.043999999999997
2018-06-11 22:00:00,18.2,54,18.7,394.0,14.852000000000002
2018-06-11 23:00:00,17.1,58,14.0,231.0,14.753000000000002
2018-06-12 00:00:00,16.3,68,13.1,94.0,14.012
2018-06-12 01:00:00,14.9,77,6.9,5.0,14.385000000000002
2018-06-12 02:00:00,14.4,80,7.2,0.0,13.84
2018-06-12 03:00:00,13.9,84,7.2,0.0,13.42
2018-06-12 04:00:00,13.1,87,6.0,0.0,13.04
2018-06-12 05:00:00,12.6,88,6.6,0.0,12.379999999999999
2018-06-12 06:00:00,11.9,90,7.6,0.0,11.420000000000002
2018-06-12 07:00:00,13.4,85,5.9,0.0,13.33
2018-06-12 08:00:00,11.8,92,6.8,0.0,11.600000000000001
2018-06-12 09:00:00,11.4,94,6.8,0.0,11.240000000000002
2018-06-12 10:00:00,12.2,92,4.4,10.0,12.749999999999998
2018-06-12 11:00:00,14.1,84,5.6,117.0,14.451
2018-06-12 12:00:00,16.1,73,5.6,292.0,16.756000000000004
2018-06-12 13:00:00,17.6,66,6.5,480.0,18.410000000000004
2018-06-12 14:00:00,19.0,60,7.8,654.0,19.822
2018-06-12 15:00:00,20.2,53,10.2,794.0,20.582
2018-06-12 16:00:00,21.1,51,12.3,898.0,21.124
2018-06-12 17:00:00,21.5,55,16.6,952.0,20.476
2018-06-12 18:00:00,21.0,59,19.7,951.0,19.123
2018-06-12 19:00:00,20.7,55,21.7,894.0,17.972
2018-06-12 20:00:00,20.3,55,23.4,762.0,16.666000000000004
2018-06-12 21:00:00,19.8,57,25.6,623.0,15.129000000000001
2018-06-12 22:00:00,19.2,63,25.1,448.0,14.274
2018-06-12 23:00:00,18.5,68,21.7,264.0,14.142
2018-06-13 00:00:00,17.4,73,19.2,97.0,13.391
2018-06-13 01:00:00,16.8,77,17.0,5.0,13.255
2018-06-13 02:00:00,16.5,77,16.3,0.0,13.149999999999999
2018-06-13 03:00:00,16.1,78,16.3,0.0,12.77
2018-06-13 04:00:00,15.8,79,14.7,0.0,12.970000000000002
2018-06-13 05:00:00,15.4,81,14.1,0.0,12.79
2018-06-13 06:00:00,15.4,82,13.6,0.0,12.959999999999999
2018-06-13 07:00:00,15.4,85,12.3,0.0,13.410000000000002
2018-06-13 08:00:00,16.1,85,13.0,0.0,13.9
2018-06-13 09:00:00,16.5,85,12.8,0.0,14.36
2018-06-13 10:00:00,16.8,87,13.7,9.0,14.456999999999999
2018-06-13 11:00:00,17.8,85,13.4,74.0,15.702
2018-06-13 12:00:00,18.0,86,10.2,109.0,16.987000000000002
2018-06-13 13:00:00,18.5,86,10.0,124.0,17.592
2018-06-13 14:00:00,19.4,85,11.3,207.0,18.330999999999996
2018-06-13 15:00:00,19.8,86,12.3,165.0,18.325
2018-06-13 16:00:00,20.8,83,15.6,245.0,18.515
2018-06-13 17:00:00,21.8,84,18.4,349.0,19.007
2018-06-13 18:00:00,22.0,84,18.1,283.0,19.099
2018-06-13 19:00:00,22.0,87,14.5,174.0,19.912
2018-06-13 20:00:00,23.0,82,19.4,257.0,19.591
2018-06-13 21:00:00,23.4,83,19.7,265.0,19.945
2018-06-13 22:00:00,23.6,82,18.3,217.0,20.401
2018-06-13 23:00:00,23.2,84,15.0,107.0,20.701
2018-06-14 00:00:00,23.5,83,12.7,46.0,21.488000000000003
2018-06-14 01:00:00,22.7,89,19.1,4.0,18.762
2018-06-14 02:00:00,22.1,92,19.5,0.0,18.090000000000003
2018-06-14 03:00:00,22.0,92,19.9,0.0,17.87
2018-06-14 04:00:00,22.0,93,21.7,0.0,17.35
2018-06-14 05:00:00,22.1,93,21.8,0.0,17.42
2018-06-14 06:00:00,22.0,93,19.8,0.0,17.919999999999998
2018-06-14 07:00:00,21.6,87,17.5,0.0,18.09
2018-06-14 08:00:00,20.2,78,17.7,0.0,16.45
2018-06-14 09:00:00,19.0,76,16.9,0.0,15.45
2018-06-14 10:00:00,18.3,75,17.0,10.0,14.73
2018-06-14 11:00:00,18.8,72,17.8,118.0,15.254000000000001
2018-06-14 12:00:00,20.2,61,17.0,294.0,17.202
2018-06-14 13:00:00,21.5,55,18.9,482.0,18.376000000000005
2018-06-14 14:00:00,23.0,50,20.2,658.0,19.914
2018-06-14 15:00:00,24.1,46,21.6,800.0,20.94
2018-06-14 16:00:00,25.0,45,24.7,884.0,21.142
2018-06-14 17:00:00,25.8,41,24.6,923.0,22.009
2018-06-14 18:00:00,26.5,38,25.6,931.0,22.373
2018-06-14 19:00:00,26.9,36,25.1,878.0,22.723999999999997
2018-06-14 20:00:00,27.1,35,24.0,739.0,22.817
2018-06-14 21:00:00,26.7,37,24.0,581.0,21.982999999999997
2018-06-14 22:00:00,26.0,40,19.8,450.0,22.21
2018-06-14 23:00:00,24.8,46,14.2,266.0,22.258000000000003
2018-06-15 00:00:00,23.0,52,11.2,94.0,20.962
2018-06-15 01:00:00,21.5,55,12.0,5.0,19.015
2018-06-15 02:00:00,21.2,55,17.7,0.0,16.990000000000002
2018-06-15 03:00:00,19.0,67,10.3,0.0,17.25
2018-06-15 04:00:00,17.0,80,5.6,0.0,16.92
2018-06-15 05:00:00,16.6,76,7.6,0.0,15.840000000000002
2018-06-15 06:00:00,16.1,76,7.5,0.0,15.370000000000001
2018-06-15 07:00:00,15.8,76,9.0,0.0,14.620000000000001
2018-06-15 08:00:00,15.6,76,11.3,0.0,13.73
2018-06-15 09:00:00,15.4,76,12.0,0.0,13.320000000000002
2018-06-15 10:00:00,15.8,74,15.0,10.0,12.81
2018-06-15 11:00:00,16.6,71,15.8,115.0,13.625000000000004
2018-06-15 12:00:00,17.9,66,17.8,285.0,14.735
2018-06-15 13:00:00,19.0,64,18.7,442.0,15.996000000000002
2018-06-15 14:00:00,20.4,57,21.3,516.0,16.698
2018-06-15 15:00:00,20.6,55,20.6,433.0,16.819000000000003
2018-06-15 16:00:00,21.6,51,18.0,624.0,19.092000000000002
2018-06-15 17:00:00,22.9,48,16.7,815.0,21.295
2018-06-15 18:00:00,23.4,44,15.9,638.0,21.424
2018-06-15 19:00:00,24.2,40,9.7,730.0,24.28
2018-06-15 20:00:00,24.5,38,16.9,550.0,21.84
2018-06-15 21:00:00,23.0,49,18.9,351.0,19.363000000000003
2018-06-15 22:00:00,22.5,53,13.7,292.0,20.326
2018-06-15 23:00:00,21.8,59,9.6,189.0,20.667
2018-06-16 00:00:00,20.6,67,9.2,79.0,19.416999999999998
2018-06-16 01:00:00,18.0,77,6.8,5.0,17.515
2018-06-16 02:00:00,18.0,79,5.4,0.0,17.959999999999997
2018-06-16 03:00:00,16.9,87,6.7,0.0,16.629999999999995
2018-06-16 04:00:00,17.0,88,7.3,0.0,16.57
2018-06-16 05:00:00,16.1,92,6.9,0.0,15.870000000000001
2018-06-16 06:00:00,15.6,95,7.1,0.0,15.370000000000001
2018-06-16 07:00:00,14.9,95,7.3,0.0,14.610000000000001
2018-06-16 08:00:00,14.5,93,6.9,0.0,14.29
2018-06-16 09:00:00,14.6,87,7.1,0.0,14.21
2018-06-16 10:00:00,14.8,82,10.1,10.0,13.440000000000001
2018-06-16 11:00:00,16.5,73,11.4,115.0,14.885000000000002
2018-06-16 12:00:00,19.0,64,9.4,287.0,18.321
2018-06-16 13:00:00,21.2,59,7.8,474.0,21.462
2018-06-16 14:00:00,23.1,51,7.1,648.0,23.934
2018-06-16 15:00:00,24.6,44,8.6,797.0,25.291000000000004
2018-06-16 16:00:00,25.5,40,6.3,902.0,27.116
2018-06-16 17:00:00,26.1,38,6.4,945.0,27.775000000000006
2018-06-16 18:00:00,26.9,36,5.4,945.0,28.834999999999997
2018-06-16 19:00:00,27.5,35,6.3,875.0,28.935
2018-06-16 20:00:00,27.8,35,7.6,781.0,28.563
2018-06-16 21:00:00,27.5,36,7.8,532.0,27.476
2018-06-16 22:00:00,26.8,39,7.0,439.0,26.797
2018-06-16 23:00:00,25.1,57,8.1,245.0,24.545
2018-06-17 00:00:00,24.0,54,7.4,61.0,23.043
2018-06-17 01:00:00,22.4,60,8.2,4.0,21.151999999999997
2018-06-17 02:00:00,20.9,68,6.6,0.0,20.279999999999998
2018-06-17 03:00:00,19.6,78,7.1,0.0,19.03
2018-06-17 04:00:00,18.3,86,8.2,0.0,17.56
2018-06-17 05:00:00,18.0,88,7.6,0.0,17.48
2018-06-17 06:00:00,18.1,88,6.4,0.0,17.940000000000005
2018-06-17 07:00:00,17.9,89,6.7,0.0,17.67
2018-06-17 08:00:00,17.2,90,6.5,0.0,17.05
2018-06-17 09:00:00,16.4,91,5.9,0.0,16.45
2018-06-17 10:00:00,16.7,90,5.9,10.0,16.76
2018-06-17 11:00:00,18.4,82,5.9,113.0,18.608999999999998
2018-06-17 12:00:00,21.0,73,4.9,283.0,21.839000000000002
2018-06-17 13:00:00,23.8,64,2.5,466.0,25.728
2018-06-17 14:00:00,26.4,51,1.8,641.0,28.802999999999997
2018-06-17 15:00:00,28.0,41,1.8,786.0,30.638
2018-06-17 16:00:00,28.9,36,3.4,889.0,31.267
2018-06-17 17:00:00,29.2,36,6.8,941.0,30.703
2018-06-17 18:00:00,29.4,37,10.9,924.0,29.641999999999996
2018-06-17 19:00:00,29.0,38,13.8,853.0,28.179000000000002
2018-06-17 20:00:00,28.8,40,13.8,765.0,27.755000000000003
2018-06-17 21:00:00,27.5,44,17.1,617.0,25.101
2018-06-17 22:00:00,26.2,51,16.1,436.0,23.698
2018-06-17 23:00:00,24.8,57,16.2,255.0,21.845000000000002
2018-06-18 00:00:00,23.8,62,12.2,95.0,21.665
2018-06-18 01:00:00,22.8,63,12.2,6.0,20.418000000000003
2018-06-18 02:00:00,22.2,70,11.2,0.0,20.24
2018-06-18 03:00:00,21.9,72,12.3,0.0,19.65
2018-06-18 04:00:00,21.5,72,12.2,0.0,19.28
2018-06-18 05:00:00,21.1,74,12.3,0.0,18.89
2018-06-18 06:00:00,20.5,78,10.2,0.0,19.0
2018-06-18 07:00:00,20.2,81,10.7,0.0,18.61
2018-06-18 08:00:00,20.1,83,11.7,0.0,18.25
2018-06-18 09:00:00,19.9,85,12.1,0.0,17.97
2018-06-18 10:00:00,19.9,85,11.6,8.0,18.144
2018-06-18 11:00:00,21.0,82,12.8,91.0,19.073
2018-06-18 12:00:00,22.9,77,13.0,242.0,21.266
2018-06-18 13:00:00,25.0,72,13.1,438.0,23.824
2018-06-18 14:00:00,27.0,69,14.3,584.0,25.842
2018-06-18 15:00:00,29.0,65,17.0,744.0,27.432000000000002
2018-06-18 16:00:00,30.5,59,18.8,848.0,28.584
2018-06-18 17:00:00,31.3,55,18.2,796.0,29.327999999999996
2018-06-18 18:00:00,31.5,53,17.3,703.0,29.479
2018-06-18 19:00:00,31.5,56,18.9,673.0,28.969
2018-06-18 20:00:00,31.9,55,19.0,686.0,29.358
2018-06-18 21:00:00,31.8,56,16.9,517.0,29.401
2018-06-18 22:00:00,31.8,55,17.8,346.0,28.598
2018-06-18 23:00:00,30.5,60,15.5,136.0,27.458000000000002
2018-06-19 00:00:00,28.5,71,7.8,54.0,27.742
2018-06-19 01:00:00,27.8,74,16.5,4.0,24.342000000000002
2018-06-19 02:00:00,27.0,78,20.4,0.0,22.439999999999998
2018-06-19 03:00:00,26.2,81,20.4,0.0,21.700000000000003
2018-06-19 04:00:00,25.8,82,20.7,0.0,21.23
2018-06-19 05:00:00,25.6,82,20.5,0.0,21.090000000000003
2018-06-19 06:00:00,25.2,86,18.4,0.0,21.4
2018-06-19 07:00:00,24.6,91,18.2,0.0,20.96
2018-06-19 08:00:00,24.5,92,18.4,0.0,20.82
2018-06-19 09:00:00,24.0,92,17.9,0.0,20.47
2018-06-19 10:00:00,24.0,91,17.2,2.0,20.666
2018-06-19 11:00:00,24.2,88,18.4,75.0,20.665000000000003
2018-06-19 12:00:00,24.7,91,13.4,191.0,23.073
2018-06-19 13:00:00,26.3,84,13.2,230.0,24.71
2018-06-19 14:00:00,27.0,72,18.5,525.0,24.465
2018-06-19 15:00:00,26.1,70,17.3,554.0,23.971999999999998
2018-06-19 16:00:00,27.8,60,15.5,719.0,26.507
2018-06-19 17:00:00,29.1,51,13.4,892.0,28.776000000000003
2018-06-19 18:00:00,29.9,46,11.9,890.0,29.92
2018-06-19 19:00:00,30.3,40,13.1,839.0,29.687
2018-06-19 20:00:00,30.3,34,13.3,759.0,29.267000000000003
2018-06-19 21:00:00,30.0,32,12.8,627.0,28.681
2018-06-19 22:00:00,29.4,36,11.7,453.0,27.969
2018-06-19 23:00:00,27.7,44,9.8,269.0,26.446999999999996
2018-06-20 00:00:00,26.0,51,11.4,101.0,23.903000000000002
2018-06-20 01:00:00,23.5,61,10.1,6.0,21.708
2018-06-20 02:00:00,21.5,70,6.1,0.0,21.07
2018-06-20 03:00:00,20.5,77,6.5,0.0,20.09
2018-06-20 04:00:00,20.0,80,6.1,0.0,19.770000000000003
2018-06-20 05:00:00,19.5,83,5.8,0.0,19.42
2018-06-20 06:00:00,18.9,84,6.1,0.0,18.75
2018-06-20 07:00:00,18.9,81,5.8,0.0,18.78
2018-06-20 08:00:00,18.8,79,7.6,0.0,18.1
2018-06-20 09:00:00,18.4,80,8.1,0.0,17.57
2018-06-20 10:00:00,18.4,81,9.7,9.0,17.137
2018-06-20 11:00:00,19.2,75,10.9,91.0,17.703
2018-06-20 12:00:00,21.5,61,9.2,180.0,20.5
2018-06-20 13:00:00,21.6,59,8.7,294.0,21.052000000000003
2018-06-20 14:00:00,22.9,53,6.8,491.0,23.392999999999997
2018-06-20 15:00:00,24.2,48,5.7,714.0,25.592
2018-06-20 16:00:00,25.4,46,8.0,721.0,26.083000000000002
2018-06-20 17:00:00,25.8,46,12.6,784.0,25.292
2018-06-20 18:00:00,25.3,47,13.4,675.0,24.245
2018-06-20 19:00:00,25.3,48,15.6,835.0,24.085
2018-06-20 20:00:00,25.1,52,16.7,730.0,23.320000000000004
2018-06-20 21:00:00,25.3,56,16.6,589.0,23.207
2018-06-20 22:00:00,24.4,62,18.5,354.0,21.151999999999997
2018-06-20 23:00:00,23.1,70,16.8,202.0,20.066000000000003
2018-06-21 00:00:00,22.6,77,3.8,29.0,23.087
2018-06-21 01:00:00,22.2,81,4.1,2.0,22.596
2018-06-21 02:00:00,21.7,84,6.4,0.0,21.46
2018-06-21 03:00:00,21.1,88,3.4,0.0,21.840000000000003
2018-06-21 04:00:00,21.2,88,4.8,0.0,21.52
2018-06-21 05:00:00,21.0,91,3.1,0.0,21.89
2018-06-21 06:00:00,20.8,93,3.5,0.0,21.61
2018-06-21 07:00:00,20.5,93,5.2,0.0,20.8
2018-06-21 08:00:00,20.4,95,7.0,0.0,20.199999999999996
2018-06-21 09:00:00,20.1,95,9.4,0.0,19.18
2018-06-21 10:00:00,19.9,94,9.4,1.0,18.962999999999997
2018-06-21 11:00:00,19.9,90,11.5,17.0,18.301
2018-06-21 12:00:00,19.9,89,5.6,125.0,20.375
2018-06-21 13:00:00,20.5,86,3.4,159.0,21.677
2018-06-21 14:00:00,21.6,78,8.4,297.0,21.531
2018-06-21 15:00:00,22.2,73,7.9,270.0,22.099999999999998
2018-06-21 16:00:00,23.5,65,9.1,454.0,23.432000000000002
2018-06-21 17:00:00,25.5,53,8.4,884.0,26.692
2018-06-21 18:00:00,26.8,45,6.5,914.0,28.492
2018-06-21 19:00:00,27.8,38,5.1,869.0,29.637
2018-06-21 20:00:00,28.6,35,4.4,753.0,30.239
2018-06-21 21:00:00,28.8,35,0.8,615.0,31.105
2018-06-21 22:00:00,26.5,57,11.1,438.0,25.624000000000002
2018-06-21 23:00:00,25.4,67,9.4,254.0,24.682
2018-06-22 00:00:00,25.0,69,5.9,86.0,24.868
2018-06-22 01:00:00,23.2,75,5.6,6.0,23.038
2018-06-22 02:00:00,22.3,79,7.8,0.0,21.540000000000003
2018-06-22 03:00:00,24.8,65,3.6,0.0,25.020000000000003
2018-06-22 04:00:00,22.1,84,7.0,0.0,21.68
2018-06-22 05:00:00,20.4,90,9.5,0.0,19.349999999999998
2018-06-22 06:00:00,19.4,88,7.7,0.0,18.85
2018-06-22 07:00:00,19.0,90,7.8,0.0,18.46
2018-06-22 08:00:00,18.8,92,8.9,0.0,17.97
2018-06-22 09:00:00,18.5,92,10.2,0.0,17.28
2018-06-22 10:00:00,18.5,90,12.5,6.0,16.568
2018-06-22 11:00:00,19.0,86,13.6,59.0,16.817
2018-06-22 12:00:00,20.1,82,14.3,136.0,17.858000000000004
2018-06-22 13:00:00,20.8,69,13.6,400.0,19.3
2018-06-22 14:00:00,21.6,63,11.1,536.0,21.138000000000005
2018-06-22 15:00:00,22.2,64,11.4,583.0,21.809
2018-06-22 16:00:00,23.2,63,11.3,617.0,22.921
2018-06-22 17:00:00,23.5,63,15.8,507.0,21.541000000000004
2018-06-22 18:00:00,22.5,68,17.8,464.0,19.912
2018-06-22 19:00:00,23.0,65,18.6,743.0,20.948999999999998
2018-06-22 20:00:00,22.2,71,17.9,626.0,20.128
2018-06-22 21:00:00,20.8,76,15.0,310.0,18.75
2018-06-22 22:00:00,20.3,78,13.0,228.0,18.644000000000002
2018-06-22 23:00:00,19.6,80,12.0,123.0,17.969
2018-06-23 00:00:00,19.5,78,12.6,52.0,17.435999999999996
2018-06-23 01:00:00,18.9,81,14.3,2.0,16.236
2018-06-23 02:00:00,18.5,87,11.7,0.0,16.729999999999997
2018-06-23 03:00:00,18.4,87,14.1,0.0,15.909999999999997
2018-06-23 04:00:00,18.2,80,15.1,0.0,15.270000000000001
2018-06-23 05:00:00,17.8,75,15.6,0.0,14.620000000000001
2018-06-23 06:00:00,17.2,77,16.8,0.0,13.7
2018-06-23 07:00:00,16.5,82,16.9,0.0,13.07
2018-06-23 08:00:00,16.4,85,17.3,0.0,12.909999999999997
2018-06-23 09:00:00,16.2,87,18.6,0.0,12.359999999999998
2018-06-23 10:00:00,16.2,89,19.0,2.0,12.286000000000001
2018-06-23 11:00:00,16.2,91,17.1,20.0,12.950000000000001
2018-06-23 12:00:00,16.8,87,17.2,36.0,13.488
2018-06-23 13:00:00,17.3,84,18.2,147.0,13.961
2018-06-23 14:00:00,18.2,82,16.4,269.0,15.727000000000002
2018-06-23 15:00:00,19.9,81,14.7,487.0,18.570999999999998
2018-06-23 16:00:00,20.5,79,14.6,456.0,19.067999999999998
2018-06-23 17:00:00,19.9,83,8.1,147.0,19.570999999999998
2018-06-23 18:00:00,19.5,87,12.5,177.0,18.020999999999997
2018-06-23 19:00:00,20.5,83,11.3,356.0,19.838
2018-06-23 20:00:00,20.6,84,10.7,223.0,19.739
2018-06-23 21:00:00,21.0,83,9.0,236.0,20.668
2018-06-23 22:00:00,21.4,83,7.4,177.0,21.371
2018-06-23 23:00:00,20.9,86,9.4,80.0,20.039999999999996
2018-06-24 00:00:00,18.5,86,6.7,28.0,18.294
2018-06-24 01:00:00,18.1,89,9.4,3.0,17.069000000000003
2018-06-24 02:00:00,17.9,91,6.2,0.0,17.86
2018-06-24 03:00:00,17.2,95,2.5,0.0,18.349999999999998
2018-06-24 04:00:00,16.7,96,3.8,0.0,17.479999999999997
2018-06-24 05:00:00,16.8,96,3.6,0.0,17.64
2018-06-24 06:00:00,17.0,96,3.6,0.0,17.840000000000003
2018-06-24 07:00:00,17.2,97,3.3,0.0,18.150000000000002
2018-06-24 08:00:00,17.8,96,3.6,0.0,18.64
2018-06-24 09:00:00,18.1,94,3.4,0.0,18.96
2018-06-24 10:00:00,18.6,94,5.6,3.0,18.809
2018-06-24 11:00:00,19.5,93,7.8,33.0,19.119
2018-06-24 12:00:00,19.9,92,10.7,71.0,18.743
2018-06-24 13:00:00,21.1,89,8.8,132.0,20.636000000000003
2018-06-24 14:00:00,23.6,78,11.3,449.0,23.117
2018-06-24 15:00:00,25.6,68,13.8,543.0,24.449
2018-06-24 16:00:00,26.9,62,17.1,608.0,24.834
2018-06-24 17:00:00,27.6,59,18.0,720.0,25.540000000000003
2018-06-24 18:00:00,26.1,75,21.4,728.0,23.364000000000004
2018-06-24 19:00:00,26.1,76,23.2,657.0,22.631
2018-06-24 20:00:00,26.6,76,20.2,583.0,23.809
2018-06-24 21:00:00,26.3,79,15.5,455.0,24.595000000000002
2018-06-24 22:00:00,26.0,77,12.0,303.0,24.848999999999997
2018-06-24 23:00:00,25.2,80,10.5,175.0,24.175
2018-06-25 00:00:00,25.1,79,12.5,75.0,23.155
2018-06-25 01:00:00,23.1,86,11.8,4.0,21.292
2018-06-25 02:00:00,22.2,88,13.0,0.0,20.060000000000002
2018-06-25 03:00:00,21.7,90,13.1,0.0,19.57
2018-06-25 04:00:00,21.2,92,12.6,0.0,19.259999999999998
2018-06-25 05:00:00,20.8,91,13.7,0.0,18.51
2018-06-25 06:00:00,20.0,93,11.8,0.0,18.32
2018-06-25 07:00:00,19.5,95,12.8,0.0,17.56
2018-06-25 08:00:00,19.3,93,13.8,0.0,17.02
2018-06-25 09:00:00,19.0,93,15.3,0.0,16.27
2018-06-25 10:00:00,18.9,92,14.3,8.0,16.474
2018-06-25 11:00:00,19.4,87,15.3,103.0,16.858999999999998
2018-06-25 12:00:00,20.5,81,18.1,267.0,17.491
2018-06-25 13:00:00,21.9,73,20.7,446.0,18.488
2018-06-25 14:00:00,23.1,62,23.1,622.0,19.276
2018-06-25 15:00:00,24.1,55,22.8,766.0,20.658
2018-06-25 16:00:00,24.7,49,20.5,852.0,22.086000000000002
2018-06-25 17:00:00,25.3,45,18.3,890.0,23.380000000000003
2018-06-25 18:00:00,25.9,39,17.2,863.0,24.108999999999998
2018-06-25 19:00:00,26.2,37,17.0,859.0,24.416999999999994
2018-06-25 20:00:00,26.2,36,16.1,746.0,24.327999999999996
2018-06-25 21:00:00,26.0,37,16.5,616.0,23.637999999999998
2018-06-25 22:00:00,25.5,39,14.0,450.0,23.430000000000003
2018-06-25 23:00:00,24.5,50,8.8,269.0,23.666999999999998
2018-06-26 00:00:00,22.0,68,5.2,103.0,22.109
2018-06-26 01:00:00,20.0,73,7.4,7.0,19.261000000000003
2018-06-26 02:00:00,19.9,66,8.1,0.0,18.79
2018-06-26 03:00:00,18.8,68,7.6,0.0,17.88
2018-06-26 04:00:00,17.2,78,6.9,0.0,16.689999999999998
2018-06-26 05:00:00,16.7,80,6.5,0.0,16.35
2018-06-26 06:00:00,16.2,82,7.0,0.0,15.74
2018-06-26 07:00:00,16.2,81,8.3,0.0,15.33
2018-06-26 08:00:00,16.2,75,12.1,0.0,14.07
2018-06-26 09:00:00,15.8,72,12.9,0.0,13.370000000000001
2018-06-26 10:00:00,15.6,70,13.1,9.0,13.097
2018-06-26 11:00:00,16.6,65,13.4,111.0,14.213000000000003
2018-06-26 12:00:00,18.1,72,11.8,283.0,16.849000000000004
2018-06-26 13:00:00,19.8,67,10.1,469.0,19.517
2018-06-26 14:00:00,21.2,57,7.6,645.0,21.994999999999997
2018-06-26 15:00:00,22.3,55,7.4,791.0,23.553000000000004
2018-06-26 16:00:00,23.2,53,8.9,881.0,24.232999999999997
2018-06-26 17:00:00,22.9,59,16.8,753.0,21.299
2018-06-26 18:00:00,22.7,53,17.9,710.0,20.52
2018-06-26 19:00:00,22.8,59,19.0,756.0,20.548000000000002
2018-06-26 20:00:00,22.4,62,21.4,732.0,19.416
2018-06-26 21:00:00,22.3,61,20.5,486.0,18.828
2018-06-26 22:00:00,22.0,64,18.5,390.0,18.9
2018-06-26 23:00:00,21.2,71,18.2,204.0,17.771999999999995
2018-06-27 00:00:00,20.4,77,14.9,96.0,17.758
2018-06-27 01:00:00,20.0,78,14.9,6.0,17.108
2018-06-27 02:00:00,19.6,81,14.1,0.0,16.990000000000002
2018-06-27 03:00:00,19.2,84,14.2,0.0,16.619999999999997
2018-06-27 04:00:00,18.8,86,13.7,0.0,16.41
2018-06-27 05:00:00,18.2,87,11.6,0.0,16.459999999999997
2018-06-27 06:00:00,17.6,88,8.7,0.0,16.750000000000004
2018-06-27 07:00:00,17.1,89,6.9,0.0,16.810000000000002
2018-06-27 08:00:00,16.6,90,5.7,0.0,16.69
2018-06-27 09:00:00,16.7,90,5.2,0.0,16.94
2018-06-27 10:00:00,17.6,86,5.9,6.0,17.568
2018-06-27 11:00:00,18.5,81,8.4,64.0,17.792
2018-06-27 12:00:00,19.5,75,6.8,150.0,19.41
2018-06-27 13:00:00,20.5,75,6.3,214.0,20.752
2018-06-27 14:00:00,21.8,74,10.5,357.0,21.201000000000004
2018-06-27 15:00:00,22.5,72,13.3,290.0,20.820000000000004
2018-06-27 16:00:00,22.8,68,20.2,381.0,19.243000000000002
2018-06-27 17:00:00,22.2,69,20.8,224.0,18.011999999999997
2018-06-27 18:00:00,22.2,71,23.0,220.0,17.38
2018-06-27 19:00:00,22.0,68,23.0,167.0,16.961000000000002
2018-06-27 20:00:00,22.0,64,24.8,209.0,16.467000000000002
2018-06-27 21:00:00,21.6,71,22.9,169.0,16.657000000000007
2018-06-27 22:00:00,21.5,73,21.4,128.0,16.924000000000003
2018-06-27 23:00:00,20.8,78,20.9,51.0,16.243
2018-06-28 00:00:00,20.1,85,18.3,25.0,16.385
2018-06-28 01:00:00,19.9,89,13.1,1.0,17.753
2018-06-28 02:00:00,20.0,90,15.0,0.0,17.3
2018-06-28 03:00:00,20.3,92,17.0,0.0,17.04
2018-06-28 04:00:00,20.5,93,18.0,0.0,16.96
2018-06-28 05:00:00,20.5,94,16.6,0.0,17.4
2018-06-28 06:00:00,20.5,94,15.2,0.0,17.82
2018-06-28 07:00:00,20.7,93,17.2,0.0,17.4
2018-06-28 08:00:00,20.6,94,19.1,0.0,16.75
2018-06-28 09:00:00,20.9,94,18.4,0.0,17.259999999999998
2018-06-28 10:00:00,20.8,96,17.0,2.0,17.625999999999998
2018-06-28 11:00:00,20.9,96,21.0,15.0,16.565
2018-06-28 12:00:00,22.2,95,18.3,58.0,18.784
2018-06-28 13:00:00,23.1,93,20.9,162.0,19.176000000000002
2018-06-28 14:00:00,23.9,89,19.2,372.0,21.036
2018-06-28 15:00:00,25.1,83,13.5,473.0,24.129
2018-06-28 16:00:00,26.5,77,11.0,610.0,26.57
2018-06-28 17:00:00,27.5,72,12.3,705.0,27.365000000000002
2018-06-28 18:00:00,28.1,68,12.7,691.0,27.723000000000003
2018-06-28 19:00:00,26.9,73,13.3,580.0,26.109999999999996
2018-06-28 20:00:00,24.9,81,11.6,438.0,24.354
2018-06-28 21:00:00,24.8,83,10.7,328.0,24.234
2018-06-28 22:00:00,25.3,83,13.1,265.0,23.825000000000003
2018-06-28 23:00:00,25.4,83,8.0,179.0,25.197
2018-06-29 00:00:00,23.6,96,4.8,92.0,24.356
2018-06-29 01:00:00,23.5,94,8.3,5.0,22.905
2018-06-29 02:00:00,23.2,95,8.8,0.0,22.459999999999997
2018-06-29 03:00:00,23.0,93,10.5,0.0,21.71
2018-06-29 04:00:00,22.0,90,8.4,0.0,21.28
2018-06-29 05:00:00,21.4,90,10.0,0.0,20.2
2018-06-29 06:00:00,21.1,90,12.5,0.0,19.150000000000002
2018-06-29 07:00:00,20.6,91,11.8,0.0,18.880000000000003
2018-06-29 08:00:00,20.0,91,11.5,0.0,18.37
2018-06-29 09:00:00,19.6,91,12.8,0.0,17.580000000000002
2018-06-29 10:00:00,19.5,90,11.2,7.0,17.961000000000002
2018-06-29 11:00:00,20.5,88,11.5,103.0,19.119000000000003
2018-06-29 12:00:00,22.8,82,7.6,268.0,22.964
2018-06-29 13:00:00,24.4,76,6.0,449.0,25.467
2018-06-29 14:00:00,26.0,72,5.8,622.0,27.566000000000003
2018-06-29 15:00:00,27.8,66,6.5,761.0,29.453000000000003
2018-06-29 16:00:00,29.5,52,12.0,824.0,29.412
2018-06-29 17:00:00,30.0,40,15.2,734.0,28.442
2018-06-29 18:00:00,30.5,42,14.3,899.0,29.747
2018-06-29 19:00:00,31.1,41,13.2,849.0,30.507
2018-06-29 20:00:00,31.2,40,14.5,749.0,29.897
2018-06-29 21:00:00,31.0,41,14.3,617.0,29.381
2018-06-29 22:00:00,30.5,47,10.7,422.0,29.496000000000002
2018-06-29 23:00:00,29.2,56,8.6,259.0,28.517000000000003
2018-06-30 00:00:00,26.9,59,8.5,100.0,25.83
2018-06-30 01:00:00,25.0,64,9.4,7.0,23.481
2018-06-30 02:00:00,23.9,65,10.0,0.0,22.2
2018-06-30 03:00:00,23.4,65,12.8,0.0,20.86
2018-06-30 04:00:00,23.1,61,11.4,0.0,20.9
2018-06-30 05:00:00,21.5,66,7.5,0.0,20.57
2018-06-30 06:00:00,20.8,69,7.2,0.0,20.02
2018-06-30 07:00:00,20.5,70,7.9,0.0,19.529999999999998
2018-06-30 08:00:00,19.9,72,8.4,0.0,18.82
2018-06-30 09:00:00,19.2,76,7.7,0.0,18.41
2018-06-30 10:00:00,19.3,78,7.6,7.0,18.601
2018-06-30 11:00:00,21.0,75,7.2,103.0,20.649
2018-06-30 12:00:00,23.6,66,9.0,268.0,23.024
2018-06-30 13:00:00,26.0,62,8.0,448.0,26.184
2018-06-30 14:00:00,28.0,56,1.9,619.0,30.407
2018-06-30 15:00:00,29.2,52,5.0,764.0,31.032
2018-06-30 16:00:00,30.0,48,8.7,868.0,30.954
2018-06-30 17:00:00,30.4,45,9.9,920.0,31.09
2018-06-30 18:00:00,30.6,44,12.3,917.0,30.541
2018-06-30 19:00:00,31.2,43,12.6,863.0,30.869
2018-06-30 20:00:00,31.5,46,15.2,759.0,30.137000000000004
2018-06-30 21:00:00,30.2,53,17.2,614.0,27.941999999999997
2018-06-30 22:00:00,29.0,59,16.0,442.0,26.706
2018-06-30 23:00:00,27.5,63,14.1,261.0,25.313000000000002
2018-07-01 00:00:00,27.8,72,6.2,99.0,27.677000000000003
2018-07-01 01:00:00,25.7,77,6.9,7.0,25.191
2018-07-01 02:00:00,25.0,80,6.1,0.0,24.770000000000003
2018-07-01 03:00:00,25.0,77,9.2,0.0,23.78
2018-07-01 04:00:00,24.5,78,7.9,0.0,23.689999999999998
2018-07-01 05:00:00,22.7,86,9.1,0.0,21.689999999999998
2018-07-01 06:00:00,22.2,89,7.9,0.0,21.61
2018-07-01 07:00:00,22.5,90,6.3,0.0,22.41
2018-07-01 08:00:00,22.2,90,6.8,0.0,21.96
2018-07-01 09:00:00,22.2,86,8.1,0.0,21.49
2018-07-01 10:00:00,22.8,82,8.9,7.0,21.791000000000004
2018-07-01 11:00:00,24.4,78,9.6,98.0,23.374
2018-07-01 12:00:00,26.8,68,8.5,260.0,26.39
2018-07-01 13:00:00,28.8,65,8.3,418.0,28.864
2018-07-01 14:00:00,30.2,63,5.9,528.0,31.274
2018-07-01 15:00:00,31.1,61,5.6,624.0,32.512
2018-07-01 16:00:00,31.8,57,5.5,692.0,33.366
2018-07-01 17:00:00,32.4,52,3.7,697.0,34.421
2018-07-01 18:00:00,33.1,49,5.2,756.0,34.788
2018-07-01 19:00:00,33.3,50,8.3,763.0,34.099
2018-07-01 20:00:00,33.2,52,9.7,709.0,33.457
2018-07-01 21:00:00,32.4,58,11.7,561.0,31.732999999999997
2018-07-01 22:00:00,30.8,67,12.4,369.0,29.527
2018-07-01 23:00:00,29.5,71,12.3,250.0,27.98
2018-07-02 00:00:00,28.6,75,7.6,99.0,28.117
2018-07-02 01:00:00,26.9,81,7.1,7.0,26.411
2018-07-02 02:00:00,25.8,89,8.0,0.0,25.180000000000003
2018-07-02 03:00:00,25.3,87,9.0,0.0,24.34
2018-07-02 04:00:00,24.5,87,7.3,0.0,24.049999999999997
2018-07-02 05:00:00,23.9,88,5.9,0.0,23.89
2018-07-02 06:00:00,23.5,87,6.3,0.0,23.349999999999998
2018-07-02 07:00:00,23.2,88,5.9,0.0,23.19
2018-07-02 08:00:00,22.7,90,6.0,0.0,22.7
2018-07-02 09:00:00,22.1,92,6.4,0.0,22.020000000000003
2018-07-02 10:00:00,22.2,93,5.2,7.0,22.521
2018-07-02 11:00:00,23.9,86,3.6,99.0,24.837
2018-07-02 12:00:00,25.9,78,1.1,261.0,27.913
2018-07-02 13:00:00,27.6,72,1.5,444.0,29.922000000000004
2018-07-02 14:00:00,29.2,68,2.9,615.0,31.534999999999997
2018-07-02 15:00:00,30.8,62,5.4,758.0,32.693999999999996
2018-07-02 16:00:00,31.9,56,9.2,861.0,32.842999999999996
2018-07-02 17:00:00,32.5,53,12.6,914.0,32.522
2018-07-02 18:00:00,32.6,52,15.0,913.0,31.879
2018-07-02 19:00:00,31.9,56,19.4,861.0,29.782999999999994
2018-07-02 20:00:00,30.6,61,20.5,757.0,27.941000000000003
2018-07-02 21:00:00,29.7,66,19.2,614.0,27.101999999999997
2018-07-02 22:00:00,28.7,69,17.6,442.0,26.125999999999998
2018-07-02 23:00:00,27.5,74,16.3,260.0,24.87
2018-07-03 00:00:00,25.7,82,10.5,98.0,24.484
2018-07-03 01:00:00,24.6,88,6.9,7.0,24.311000000000003
2018-07-03 02:00:00,24.1,91,5.1,0.0,24.39
2018-07-03 03:00:00,23.5,94,4.8,0.0,23.939999999999998
2018-07-03 04:00:00,23.2,94,4.7,0.0,23.669999999999998
2018-07-03 05:00:00,23.0,95,3.4,0.0,23.88
2018-07-03 06:00:00,23.1,96,4.4,0.0,23.700000000000003
2018-07-03 07:00:00,22.8,97,3.8,0.0,23.6
2018-07-03 08:00:00,23.0,96,5.2,0.0,23.360000000000003
2018-07-03 09:00:00,23.2,95,6.6,0.0,23.119999999999997
2018-07-03 10:00:00,23.5,94,6.2,6.0,23.538
2018-07-03 11:00:00,24.6,91,2.6,93.0,25.919
2018-07-03 12:00:00,26.0,88,2.2,246.0,27.838
2018-07-03 13:00:00,27.2,85,2.1,323.0,29.239
2018-07-03 14:00:00,28.6,82,2.8,457.0,30.771
2018-07-03 15:00:00,30.1,76,4.0,607.0,32.241
2018-07-03 16:00:00,31.1,70,4.2,688.0,33.304
2018-07-03 17:00:00,31.6,71,9.0,789.0,32.687000000000005
2018-07-03 18:00:00,31.4,74,9.1,744.0,32.382
2018-07-03 19:00:00,29.7,76,7.5,457.0,30.340999999999998
2018-07-03 20:00:00,29.0,80,7.1,141.0,28.893
2018-07-03 21:00:00,28.9,80,9.9,273.0,28.349
2018-07-03 22:00:00,28.1,81,10.6,249.0,27.287000000000003
2018-07-03 23:00:00,27.4,82,9.2,162.0,26.766000000000002
2018-07-04 00:00:00,26.4,85,6.1,65.0,26.465
2018-07-04 01:00:00,25.9,88,3.9,5.0,26.505000000000003
2018-07-04 02:00:00,25.3,91,5.6,0.0,25.44
2018-07-04 03:00:00,24.6,91,6.9,0.0,24.35
2018-07-04 04:00:00,24.5,88,6.9,0.0,24.19
2018-07-04 05:00:00,24.2,88,6.6,0.0,23.98
2018-07-04 06:00:00,24.1,88,5.2,0.0,24.300000000000004
2018-07-04 07:00:00,24.0,89,4.1,0.0,24.55
2018-07-04 08:00:00,24.0,89,4.6,0.0,24.400000000000002
2018-07-04 09:00:00,23.8,93,3.6,0.0,24.58
2018-07-04 10:00:00,24.6,89,1.5,5.0,25.945000000000004
2018-07-04 11:00:00,23.9,95,6.5,56.0,24.017999999999997
2018-07-04 12:00:00,24.5,96,5.2,19.0,24.917
2018-07-04 13:00:00,25.0,93,4.9,123.0,25.759
2018-07-04 14:00:00,26.3,87,3.7,317.0,27.881
2018-07-04 15:00:00,27.5,82,3.6,310.0,28.990000000000002
2018-07-04 16:00:00,28.6,76,3.0,415.0,30.465000000000003
2018-07-04 17:00:00,29.4,74,3.9,459.0,31.087
2018-07-04 18:00:00,28.5,75,9.0,434.0,28.602
2018-07-04 19:00:00,27.9,81,8.9,361.0,27.933
2018-07-04 20:00:00,27.6,81,11.0,304.0,26.832
2018-07-04 21:00:00,27.0,84,10.7,230.0,26.16
2018-07-04 22:00:00,26.7,83,10.6,223.0,25.849
2018-07-04 23:00:00,26.4,83,10.0,176.0,25.587999999999997
2018-07-05 00:00:00,25.9,89,10.6,74.0,24.722
2018-07-05 01:00:00,25.0,94,7.7,5.0,24.585
2018-07-05 02:00:00,24.9,95,5.1,0.0,25.269999999999996
2018-07-05 03:00:00,24.7,96,4.5,0.0,25.269999999999996
2018-07-05 04:00:00,24.5,97,5.5,0.0,24.790000000000003
2018-07-05 05:00:00,24.4,97,7.9,0.0,23.97
2018-07-05 06:00:00,24.0,98,6.6,0.0,23.98
2018-07-05 07:00:00,23.8,98,6.0,0.0,23.96
2018-07-05 08:00:00,23.7,97,5.4,0.0,24.02
2018-07-05 09:00:00,23.5,98,5.5,0.0,23.810000000000002
2018-07-05 10:00:00,23.5,99,6.5,3.0,23.539
2018-07-05 11:00:00,23.6,99,7.9,39.0,23.327
2018-07-05 12:00:00,24.6,96,8.1,137.0,24.501000000000005
2018-07-05 13:00:00,26.0,84,8.0,323.0,26.249000000000002
2018-07-05 14:00:00,27.2,75,8.3,512.0,27.746000000000002
2018-07-05 15:00:00,28.2,69,8.9,618.0,28.763999999999996
2018-07-05 16:00:00,29.6,63,12.1,774.0,29.552000000000003
2018-07-05 17:00:00,29.5,66,14.8,695.0,28.465
2018-07-05 18:00:00,28.5,75,19.3,768.0,26.514000000000003
2018-07-05 19:00:00,28.5,73,20.7,714.0,25.892
2018-07-05 20:00:00,28.4,77,20.5,644.0,25.721999999999998
2018-07-05 21:00:00,27.9,79,17.5,504.0,25.741999999999997
2018-07-05 22:00:00,28.0,80,18.1,327.0,25.151000000000003
2018-07-05 23:00:00,27.6,81,16.4,197.0,24.891000000000005
2018-07-06 00:00:00,25.6,90,19.2,79.0,21.877
2018-07-06 01:00:00,25.9,91,18.1,5.0,22.305
2018-07-06 02:00:00,26.5,86,17.4,0.0,23.0
2018-07-06 03:00:00,26.2,85,15.9,0.0,23.13
2018-07-06 04:00:00,25.7,89,16.0,0.0,22.68
2018-07-06 05:00:00,25.4,91,17.6,0.0,21.939999999999998
2018-07-06 06:00:00,25.2,90,18.4,0.0,21.48
2018-07-06 07:00:00,25.1,89,18.4,0.0,21.360000000000003
2018-07-06 08:00:00,24.6,90,16.3,0.0,21.51
2018-07-06 09:00:00,24.2,92,13.8,0.0,21.9
2018-07-06 10:00:00,24.3,92,17.1,3.0,21.019000000000002
2018-07-06 11:00:00,24.3,90,19.7,47.0,20.331000000000003
2018-07-06 12:00:00,24.2,95,17.1,109.0,21.297
2018-07-06 13:00:00,24.3,94,21.4,95.0,20.045
2018-07-06 14:00:00,24.6,92,19.3,158.0,21.124000000000002
2018-07-06 15:00:00,25.2,86,17.3,192.0,22.305999999999997
2018-07-06 16:00:00,25.9,84,16.6,280.0,23.439999999999998
2018-07-06 17:00:00,24.6,63,16.0,300.0,21.96
2018-07-06 18:00:00,24.8,68,13.1,322.0,23.196
2018-07-06 19:00:00,25.0,74,14.0,170.0,22.790000000000003
2018-07-06 20:00:00,26.0,67,15.6,313.0,23.599
2018-07-06 21:00:00,25.9,68,12.6,208.0,24.103999999999996
2018-07-06 22:00:00,25.9,68,14.8,194.0,23.401999999999997
2018-07-06 23:00:00,26.1,56,18.6,141.0,22.063
2018-07-07 00:00:00,24.6,61,12.8,44.0,22.112000000000002
2018-07-07 01:00:00,23.4,60,14.6,6.0,20.238
2018-07-07 02:00:00,22.5,57,17.6,0.0,18.36
2018-07-07 03:00:00,21.2,55,17.2,0.0,17.14
2018-07-07 04:00:00,20.5,58,18.2,0.0,16.2
2018-07-07 05:00:00,19.6,65,16.6,0.0,15.920000000000002
2018-07-07 06:00:00,19.1,63,18.1,0.0,14.930000000000003
2018-07-07 07:00:00,18.6,61,20.2,0.0,13.760000000000002
2018-07-07 08:00:00,17.9,62,19.9,0.0,13.169999999999998
2018-07-07 09:00:00,17.0,63,17.6,0.0,12.98
2018-07-07 10:00:00,16.5,66,15.9,6.0,13.068000000000001
2018-07-07 11:00:00,17.0,66,14.6,101.0,14.243000000000002
2018-07-07 12:00:00,18.1,60,13.8,275.0,15.985
2018-07-07 13:00:00,19.4,51,15.8,464.0,17.072
2018-07-07 14:00:00,20.5,44,16.6,645.0,18.334999999999997
2018-07-07 15:00:00,21.6,41,13.8,795.0,20.665000000000003
2018-07-07 16:00:00,22.5,40,11.4,903.0,22.589000000000002
2018-07-07 17:00:00,23.1,40,8.8,959.0,24.137
2018-07-07 18:00:00,23.6,40,6.5,958.0,25.324
2018-07-07 19:00:00,24.2,40,5.0,901.0,26.203
2018-07-07 20:00:00,24.5,40,6.6,792.0,25.696
2018-07-07 21:00:00,23.1,50,14.1,641.0,21.793
2018-07-07 22:00:00,21.9,52,16.1,460.0,19.49
2018-07-07 23:00:00,21.5,55,12.2,271.0,19.753
2018-07-08 00:00:00,20.3,62,11.9,102.0,18.276
2018-07-08 01:00:00,18.8,68,8.4,6.0,17.658
2018-07-08 02:00:00,18.2,76,6.0,0.0,17.919999999999998
2018-07-08 03:00:00,17.8,77,5.8,0.0,17.6
2018-07-08 04:00:00,17.0,80,7.6,0.0,16.32
2018-07-08 05:00:00,16.5,83,7.2,0.0,16.0
2018-07-08 06:00:00,16.1,86,5.8,0.0,16.080000000000002
2018-07-08 07:00:00,16.1,85,5.6,0.0,16.12
2018-07-08 08:00:00,15.8,85,6.1,0.0,15.67
2018-07-08 09:00:00,15.4,86,5.9,0.0,15.350000000000001
2018-07-08 10:00:00,15.1,89,4.8,5.0,15.455
2018-07-08 11:00:00,17.1,82,2.5,97.0,18.281000000000002
2018-07-08 12:00:00,18.4,73,2.6,267.0,19.880999999999997
2018-07-08 13:00:00,20.8,64,1.6,452.0,22.956000000000003
2018-07-08 14:00:00,22.6,57,2.7,629.0,24.817000000000004
2018-07-08 15:00:00,24.0,53,3.3,777.0,26.401
2018-07-08 16:00:00,25.1,47,3.9,884.0,27.522000000000006
2018-07-08 17:00:00,25.9,46,4.2,939.0,28.377
2018-07-08 18:00:00,26.5,44,4.8,938.0,28.753999999999998
2018-07-08 19:00:00,26.6,46,9.6,884.0,27.292000000000005
2018-07-08 20:00:00,25.2,51,17.2,776.0,23.387999999999998
2018-07-08 21:00:00,24.9,50,15.7,629.0,23.076999999999998
2018-07-08 22:00:00,24.7,49,15.5,455.0,22.395
2018-07-08 23:00:00,23.2,53,14.4,268.0,20.743999999999996
2018-07-09 00:00:00,22.8,59,11.3,100.0,20.89
2018-07-09 01:00:00,21.4,70,9.1,6.0,20.087999999999997
2018-07-09 02:00:00,20.8,76,9.9,0.0,19.35
2018-07-09 03:00:00,20.3,80,7.6,0.0,19.62
2018-07-09 04:00:00,19.6,87,6.2,0.0,19.48
2018-07-09 05:00:00,19.3,88,6.7,0.0,19.050000000000004
2018-07-09 06:00:00,18.4,87,6.3,0.0,18.249999999999996
2018-07-09 07:00:00,17.6,86,5.4,0.0,17.7
2018-07-09 08:00:00,17.1,85,5.2,0.0,17.240000000000002
2018-07-09 09:00:00,17.1,85,5.6,0.0,17.12
2018-07-09 10:00:00,17.4,84,6.4,5.0,17.174999999999997
2018-07-09 11:00:00,18.6,78,7.2,94.0,18.282
2018-07-09 12:00:00,20.6,70,4.9,260.0,21.310000000000002
2018-07-09 13:00:00,22.8,64,3.6,444.0,24.332
2018-07-09 14:00:00,24.9,58,4.7,620.0,26.509999999999998
2018-07-09 15:00:00,26.7,53,5.7,768.0,28.354
2018-07-09 16:00:00,27.9,47,8.2,876.0,29.008
2018-07-09 17:00:00,28.5,45,12.0,932.0,28.595999999999997
2018-07-09 18:00:00,28.9,44,14.1,933.0,28.348999999999997
2018-07-09 19:00:00,28.9,46,15.5,881.0,27.813000000000002
2018-07-09 20:00:00,27.6,51,19.7,775.0,25.035
2018-07-09 21:00:00,26.5,54,21.2,627.0,23.101
2018-07-09 22:00:00,25.5,60,19.4,451.0,22.233
2018-07-09 23:00:00,24.4,67,17.3,265.0,21.345
2018-07-10 00:00:00,23.0,76,15.8,98.0,20.074
2018-07-10 01:00:00,22.3,81,15.2,6.0,19.378000000000004
2018-07-10 02:00:00,22.1,80,13.9,0.0,19.53
2018-07-10 03:00:00,21.9,78,15.1,0.0,18.93
2018-07-10 04:00:00,21.2,78,14.5,0.0,18.409999999999997
2018-07-10 05:00:00,20.6,80,13.1,0.0,18.270000000000003
2018-07-10 06:00:00,20.2,80,12.1,0.0,18.17
2018-07-10 07:00:00,19.8,79,11.1,0.0,18.050000000000004
2018-07-10 08:00:00,19.4,78,10.5,0.0,17.81
2018-07-10 09:00:00,19.2,77,9.3,0.0,17.95
2018-07-10 10:00:00,19.3,78,9.1,4.0,18.142
2018-07-10 11:00:00,20.9,76,9.7,91.0,19.782999999999998
2018-07-10 12:00:00,23.7,68,6.7,256.0,23.817999999999998
2018-07-10 13:00:00,26.1,61,6.9,444.0,26.582
2018-07-10 14:00:00,28.5,51,5.6,621.0,29.703
2018-07-10 15:00:00,29.8,44,4.1,768.0,31.753999999999998
2018-07-10 16:00:00,30.8,43,10.1,873.0,31.249
2018-07-10 17:00:00,31.3,44,14.7,927.0,30.551
2018-07-10 18:00:00,31.9,43,16.0,922.0,30.726
2018-07-10 19:00:00,30.8,52,21.2,866.0,28.078
2018-07-10 20:00:00,29.8,54,23.2,760.0,26.200000000000003
2018-07-10 21:00:00,29.0,62,20.5,613.0,25.929
2018-07-10 22:00:00,28.4,70,13.9,403.0,26.838999999999995
2018-07-10 23:00:00,27.9,73,8.2,217.0,27.551
2018-07-11 00:00:00,28.1,57,9.4,69.0,26.627000000000002
2018-07-11 01:00:00,27.4,50,8.3,4.0,25.921999999999997
2018-07-11 02:00:00,25.4,66,15.6,0.0,22.04
2018-07-11 03:00:00,24.2,76,5.4,0.0,24.099999999999998
2018-07-11 04:00:00,24.0,78,13.8,0.0,21.419999999999998
2018-07-11 05:00:00,22.6,86,11.1,0.0,20.990000000000002
2018-07-11 06:00:00,22.2,88,8.3,0.0,21.47
2018-07-11 07:00:00,21.2,93,3.8,0.0,21.919999999999998
2018-07-11 08:00:00,21.0,93,7.9,0.0,20.49
2018-07-11 09:00:00,20.5,94,8.5,0.0,19.83
2018-07-11 10:00:00,20.1,90,12.0,4.0,18.312000000000005
2018-07-11 11:00:00,20.9,89,13.9,89.0,18.776999999999997
2018-07-11 12:00:00,23.5,71,15.1,250.0,21.14
2018-07-11 13:00:00,24.6,69,16.0,433.0,22.479
2018-07-11 14:00:00,26.0,67,14.7,605.0,24.745
2018-07-11 15:00:00,27.0,58,16.0,674.0,25.381999999999998
2018-07-11 16:00:00,27.6,54,16.5,637.0,25.641000000000002
2018-07-11 17:00:00,28.1,50,16.8,746.0,26.298000000000002
2018-07-11 18:00:00,28.3,50,15.8,798.0,26.954
2018-07-11 19:00:00,28.5,49,15.7,709.0,26.897
2018-07-11 20:00:00,28.5,49,16.0,645.0,26.615
2018-07-11 21:00:00,28.0,50,13.0,516.0,26.648000000000003
2018-07-11 22:00:00,27.5,53,12.9,310.0,25.619999999999997
2018-07-11 23:00:00,26.2,62,12.4,200.0,24.32
2018-07-12 00:00:00,25.1,68,5.4,79.0,25.076999999999998
2018-07-12 01:00:00,23.0,81,14.3,3.0,20.339000000000002
2018-07-12 02:00:00,21.2,88,11.8,0.0,19.42
2018-07-12 03:00:00,21.0,89,6.2,0.0,20.92
2018-07-12 04:00:00,20.9,89,5.7,0.0,20.97
2018-07-12 05:00:00,20.9,89,5.8,0.0,20.94
2018-07-12 06:00:00,20.7,91,4.4,0.0,21.2
2018-07-12 07:00:00,20.5,91,6.1,0.0,20.490000000000002
2018-07-12 08:00:00,19.9,95,8.3,0.0,19.309999999999995
2018-07-12 09:00:00,19.8,94,6.9,0.0,19.61
2018-07-12 10:00:00,19.8,83,8.8,3.0,18.829
2018-07-12 11:00:00,20.0,71,10.5,82.0,18.516000000000002
2018-07-12 12:00:00,20.8,81,11.1,233.0,19.789000000000005
2018-07-12 13:00:00,21.3,64,12.4,219.0,19.517000000000003
2018-07-12 14:00:00,22.8,54,8.9,377.0,22.341
2018-07-12 15:00:00,25.0,45,8.4,659.0,25.357
2018-07-12 16:00:00,26.3,40,6.6,724.0,27.292
2018-07-12 17:00:00,27.4,38,4.5,834.0,29.311999999999998
2018-07-12 18:00:00,28.1,36,5.1,900.0,29.99
2018-07-12 19:00:00,27.5,43,14.4,738.0,26.253999999999998
2018-07-12 20:00:00,26.9,43,18.4,697.0,24.331
2018-07-12 21:00:00,26.5,44,17.3,523.0,23.758999999999997
2018-07-12 22:00:00,25.9,51,16.6,402.0,23.145999999999997
2018-07-12 23:00:00,25.2,59,15.3,257.0,22.561
2018-07-13 00:00:00,23.1,70,12.2,92.0,21.116
2018-07-13 01:00:00,22.4,80,10.9,5.0,20.745
2018-07-13 02:00:00,22.1,79,8.4,0.0,21.16
2018-07-13 03:00:00,21.4,84,5.4,0.0,21.459999999999997
2018-07-13 04:00:00,20.1,86,6.6,0.0,19.84
2018-07-13 05:00:00,19.5,87,6.6,0.0,19.259999999999998
2018-07-13 06:00:00,19.5,86,6.1,0.0,19.39
2018-07-13 07:00:00,19.1,87,5.8,0.0,19.1
2018-07-13 08:00:00,18.8,88,5.8,0.0,18.820000000000004
2018-07-13 09:00:00,18.5,89,5.5,0.0,18.630000000000003
2018-07-13 10:00:00,18.2,91,5.2,3.0,18.469
2018-07-13 11:00:00,20.5,82,3.7,85.0,21.285
2018-07-13 12:00:00,22.1,73,2.5,245.0,23.545
2018-07-13 13:00:00,23.6,68,2.1,413.0,25.569000000000003
2018-07-13 14:00:00,25.2,63,4.7,582.0,26.796
2018-07-13 15:00:00,26.2,58,6.2,631.0,27.393
2018-07-13 16:00:00,26.7,55,9.6,685.0,26.975
2018-07-13 17:00:00,26.8,54,12.7,751.0,26.323000000000004
2018-07-13 18:00:00,26.9,52,13.5,656.0,25.857999999999997
2018-07-13 19:00:00,26.9,52,19.0,733.0,24.439
2018-07-13 20:00:00,26.4,51,19.8,686.0,23.537999999999997
2018-07-13 21:00:00,26.1,50,20.4,579.0,22.717000000000006
2018-07-13 22:00:00,25.5,50,21.3,433.0,21.409
2018-07-13 23:00:00,24.6,54,17.1,245.0,21.285
2018-07-14 00:00:00,24.0,63,12.8,84.0,21.672
2018-07-14 01:00:00,22.8,68,14.5,4.0,19.822000000000003
2018-07-14 02:00:00,22.3,69,15.2,0.0,19.12
2018-07-14 03:00:00,21.8,69,13.7,0.0,19.07
2018-07-14 04:00:00,21.2,69,11.9,0.0,19.009999999999998
2018-07-14 05:00:00,20.9,67,11.4,0.0,18.82
2018-07-14 06:00:00,20.6,66,11.2,0.0,18.560000000000002
2018-07-14 07:00:00,20.2,69,10.0,0.0,18.58
2018-07-14 08:00:00,19.8,74,9.6,0.0,18.400000000000002
2018-07-14 09:00:00,19.6,75,9.6,0.0,18.220000000000002
2018-07-14 10:00:00,19.5,75,9.5,3.0,18.159
2018-07-14 11:00:00,20.6,68,10.8,78.0,18.954
2018-07-14 12:00:00,22.9,63,10.2,232.0,21.796000000000003
2018-07-14 13:00:00,24.7,60,11.0,377.0,23.730999999999998
2018-07-14 14:00:00,26.6,55,10.5,482.0,25.996000000000006
2018-07-14 15:00:00,28.9,47,11.4,725.0,28.595000000000002
2018-07-14 16:00:00,30.1,42,13.0,839.0,29.557000000000002
2018-07-14 17:00:00,31.6,36,12.5,895.0,31.255
2018-07-14 18:00:00,30.5,43,19.7,601.0,27.253
2018-07-14 19:00:00,29.2,49,27.9,675.0,23.835
2018-07-14 20:00:00,29.0,52,26.3,596.0,23.938
2018-07-14 21:00:00,28.9,53,23.7,600.0,24.65
2018-07-14 22:00:00,29.8,49,19.4,384.0,26.112000000000002
2018-07-14 23:00:00,29.7,41,20.3,204.0,25.041999999999998
2018-07-15 00:00:00,28.4,50,15.3,79.0,25.046999999999997
2018-07-15 01:00:00,27.2,50,15.1,3.0,23.679000000000002
2018-07-15 02:00:00,26.2,53,11.7,0.0,23.75
2018-07-15 03:00:00,25.4,56,8.8,0.0,23.88
2018-07-15 04:00:00,24.6,65,5.8,0.0,24.160000000000004
2018-07-15 05:00:00,23.8,73,7.4,0.0,23.040000000000003
2018-07-15 06:00:00,22.6,86,6.2,0.0,22.46
2018-07-15 07:00:00,22.5,87,5.5,0.0,22.59
2018-07-15 08:00:00,22.1,85,6.7,0.0,21.79
2018-07-15 09:00:00,21.5,83,9.0,0.0,20.46
2018-07-15 10:00:00,21.0,85,9.4,1.0,19.883
2018-07-15 11:00:00,21.6,83,11.7,37.0,19.861
2018-07-15 12:00:00,22.0,91,10.7,100.0,20.91
2018-07-15 13:00:00,22.4,88,9.9,96.0,21.478
2018-07-15 14:00:00,22.6,86,12.7,175.0,21.035
2018-07-15 15:00:00,23.0,88,16.2,232.0,20.596000000000004
2018-07-15 16:00:00,23.4,88,10.9,168.0,22.394000000000002
2018-07-15 17:00:00,24.5,85,7.3,334.0,25.011999999999997
2018-07-15 18:00:00,26.0,79,9.2,521.0,26.383
2018-07-15 19:00:00,27.2,74,11.7,613.0,27.009
2018-07-15 20:00:00,28.5,68,13.0,652.0,27.916
2018-07-15 21:00:00,29.1,64,14.2,529.0,27.707000000000004
2018-07-15 22:00:00,28.7,66,14.5,301.0,26.573
2018-07-15 23:00:00,28.2,69,9.4,175.0,27.284999999999997
2018-07-16 00:00:00,26.8,72,11.1,53.0,25.069000000000003
2018-07-16 01:00:00,26.0,73,12.6,4.0,23.692
2018-07-16 02:00:00,25.4,76,11.2,0.0,23.56
2018-07-16 03:00:00,24.8,79,11.0,0.0,23.080000000000002
2018-07-16 04:00:00,24.1,83,10.0,0.0,22.76
2018-07-16 05:00:00,23.8,86,9.2,0.0,22.759999999999998
2018-07-16 06:00:00,23.2,89,6.8,0.0,22.94
2018-07-16 07:00:00,22.9,92,7.0,0.0,22.639999999999997
2018-07-16 08:00:00,22.6,93,6.7,0.0,22.450000000000003
2018-07-16 09:00:00,22.4,95,7.9,0.0,21.929999999999996
2018-07-16 10:00:00,22.3,95,8.2,2.0,21.746
2018-07-16 11:00:00,23.5,89,8.6,76.0,22.928000000000004
2018-07-16 12:00:00,25.4,84,4.3,229.0,26.477
2018-07-16 13:00:00,27.1,78,3.9,400.0,28.69
2018-07-16 14:00:00,28.7,71,5.6,563.0,30.128999999999998
2018-07-16 15:00:00,29.8,66,7.1,658.0,30.964000000000002
2018-07-16 16:00:00,30.8,61,9.3,711.0,31.363000000000003
2018-07-16 17:00:00,31.3,59,13.3,791.0,30.863000000000003
2018-07-16 18:00:00,30.4,66,17.7,768.0,28.714
2018-07-16 19:00:00,30.7,65,22.1,712.0,27.506
2018-07-16 20:00:00,30.0,68,22.7,565.0,26.245
2018-07-16 21:00:00,29.1,72,19.8,468.0,26.004
2018-07-16 22:00:00,29.6,71,17.9,301.0,26.553000000000004
2018-07-16 23:00:00,28.7,73,16.6,187.0,25.741
2018-07-17 00:00:00,27.0,82,10.7,70.0,25.64
2018-07-17 01:00:00,27.0,81,15.0,3.0,24.129
2018-07-17 02:00:00,26.5,83,12.6,0.0,24.38
2018-07-17 03:00:00,26.0,86,14.2,0.0,23.46
2018-07-17 04:00:00,25.3,89,11.2,0.0,23.720000000000002
2018-07-17 05:00:00,24.6,92,15.0,0.0,21.94
2018-07-17 06:00:00,24.3,93,13.9,0.0,21.990000000000002
2018-07-17 07:00:00,24.6,92,14.5,0.0,22.090000000000003
2018-07-17 08:00:00,24.5,91,14.7,0.0,21.91
2018-07-17 09:00:00,24.0,92,13.2,0.0,21.88
2018-07-17 10:00:00,23.7,92,12.2,2.0,21.886
2018-07-17 11:00:00,24.4,89,11.5,68.0,22.934
2018-07-17 12:00:00,26.0,84,12.6,206.0,24.517999999999997
2018-07-17 13:00:00,27.9,77,16.8,397.0,25.590999999999998
2018-07-17 14:00:00,29.3,72,18.2,500.0,26.78
2018-07-17 15:00:00,30.1,69,19.6,609.0,27.427
2018-07-17 16:00:00,29.9,70,20.3,634.0,27.112
2018-07-17 17:00:00,25.9,88,16.9,316.0,23.538
2018-07-17 18:00:00,26.4,88,7.9,128.0,26.174
2018-07-17 19:00:00,28.2,81,7.7,492.0,28.986
2018-07-17 20:00:00,25.1,92,12.0,217.0,23.991000000000003
2018-07-17 21:00:00,23.5,95,11.1,5.0,22.085
2018-07-17 22:00:00,24.0,92,6.9,62.0,23.956
2018-07-17 23:00:00,24.3,91,7.6,68.0,24.044
2018-07-18 00:00:00,23.5,94,10.5,34.0,22.332
2018-07-18 01:00:00,23.0,95,9.1,3.0,22.179
2018-07-18 02:00:00,23.1,95,9.7,0.0,22.09
2018-07-18 03:00:00,23.5,94,10.6,0.0,22.2
2018-07-18 04:00:00,23.0,92,9.5,0.0,21.99
2018-07-18 05:00:00,21.9,93,4.5,0.0,22.409999999999997
2018-07-18 06:00:00,22.0,93,5.8,0.0,22.12
2018-07-18 07:00:00,22.0,88,13.0,0.0,19.860000000000003
2018-07-18 08:00:00,20.4,80,15.8,0.0,17.259999999999998
2018-07-18 09:00:00,19.4,80,15.1,0.0,16.47
2018-07-18 10:00:00,18.8,80,15.1,2.0,15.876000000000003
2018-07-18 11:00:00,19.4,79,14.8,78.0,16.773999999999997
2018-07-18 12:00:00,21.5,74,16.0,240.0,18.9
2018-07-18 13:00:00,23.2,68,19.8,425.0,19.894999999999996
2018-07-18 14:00:00,24.6,61,18.1,557.0,22.061
2018-07-18 15:00:00,25.8,54,19.3,685.0,23.145000000000003
2018-07-18 16:00:00,26.9,50,18.8,851.0,24.813
2018-07-18 17:00:00,27.4,44,19.8,816.0,24.787999999999997
2018-07-18 18:00:00,27.8,40,18.4,817.0,25.531000000000002
2018-07-18 19:00:00,28.6,38,13.4,799.0,27.737000000000002
2018-07-18 20:00:00,29.1,35,13.7,702.0,27.796
2018-07-18 21:00:00,28.9,35,15.6,558.0,26.593999999999998
2018-07-18 22:00:00,28.2,37,15.6,436.0,25.567999999999998
2018-07-18 23:00:00,26.8,41,14.7,253.0,23.969
2018-07-19 00:00:00,24.8,47,8.4,88.0,23.484
2018-07-19 01:00:00,22.5,58,6.9,4.0,21.602
2018-07-19 02:00:00,22.1,58,11.3,0.0,19.87
2018-07-19 03:00:00,21.1,59,11.1,0.0,18.950000000000003
2018-07-19 04:00:00,20.5,61,10.8,0.0,18.479999999999997
2018-07-19 05:00:00,19.9,61,10.9,0.0,17.849999999999998
2018-07-19 06:00:00,19.0,65,10.2,0.0,17.240000000000002
2018-07-19 07:00:00,18.4,71,9.1,0.0,17.09
2018-07-19 08:00:00,18.0,76,9.9,0.0,16.55
2018-07-19 09:00:00,17.7,78,11.2,0.0,15.899999999999999
2018-07-19 10:00:00,17.5,78,12.3,2.0,15.376
2018-07-19 11:00:00,18.2,76,12.4,80.0,16.24
2018-07-19 12:00:00,20.0,67,9.4,245.0,19.255
2018-07-19 13:00:00,21.5,56,9.9,433.0,20.949
2018-07-19 14:00:00,23.0,48,9.5,614.0,22.951999999999998
2018-07-19 15:00:00,24.3,42,7.1,766.0,25.308
2018-07-19 16:00:00,25.2,40,4.3,876.0,27.338
2018-07-19 17:00:00,25.9,40,3.2,934.0,28.541999999999998
2018-07-19 18:00:00,26.5,38,5.0,936.0,28.568
2018-07-19 19:00:00,26.8,40,8.7,881.0,27.633000000000003
2018-07-19 20:00:00,26.5,44,12.6,772.0,25.915999999999997
2018-07-19 21:00:00,26.1,44,14.5,620.0,24.490000000000002
2018-07-19 22:00:00,25.5,46,14.8,443.0,23.309
2018-07-19 23:00:00,24.0,53,14.6,256.0,21.448
2018-07-20 00:00:00,23.4,61,11.7,89.0,21.377
2018-07-20 01:00:00,22.0,72,10.5,3.0,20.299000000000003
2018-07-20 02:00:00,21.4,80,8.0,0.0,20.6
2018-07-20 03:00:00,20.9,84,7.4,0.0,20.36
2018-07-20 04:00:00,20.4,86,6.9,0.0,20.049999999999997
2018-07-20 05:00:00,19.9,88,6.1,0.0,19.830000000000002
2018-07-20 06:00:00,18.9,90,5.6,0.0,19.02
2018-07-20 07:00:00,18.2,91,5.9,0.0,18.25
2018-07-20 08:00:00,18.0,91,5.9,0.0,18.05
2018-07-20 09:00:00,17.4,92,6.5,0.0,17.29
2018-07-20 10:00:00,18.4,88,4.7,2.0,18.756
2018-07-20 11:00:00,19.8,84,3.8,77.0,20.571
2018-07-20 12:00:00,21.0,82,3.8,240.0,22.22
2018-07-20 13:00:00,22.6,75,3.9,425.0,24.205
2018-07-20 14:00:00,24.2,66,4.0,603.0,26.129
2018-07-20 15:00:00,25.8,53,5.9,755.0,27.355
2018-07-20 16:00:00,26.5,48,11.4,839.0,26.557
2018-07-20 17:00:00,25.6,56,18.0,732.0,23.516000000000005
2018-07-20 18:00:00,25.6,47,19.2,724.0,22.952
2018-07-20 19:00:00,26.0,45,19.8,861.0,23.543
2018-07-20 20:00:00,25.6,45,20.0,761.0,22.783
2018-07-20 21:00:00,25.0,46,19.6,620.0,21.900000000000002
2018-07-20 22:00:00,24.1,50,19.0,446.0,20.738000000000003
2018-07-20 23:00:00,23.0,59,17.7,258.0,19.644000000000002
2018-07-21 00:00:00,22.2,68,9.7,88.0,20.913999999999998
2018-07-21 01:00:00,20.6,78,6.9,3.0,20.099
2018-07-21 02:00:00,20.0,83,6.1,0.0,19.830000000000002
2018-07-21 03:00:00,19.5,86,6.1,0.0,19.39
2018-07-21 04:00:00,19.5,87,6.6,0.0,19.259999999999998
2018-07-21 05:00:00,19.9,84,7.1,0.0,19.45
2018-07-21 06:00:00,19.4,85,6.7,0.0,19.089999999999996
2018-07-21 07:00:00,19.0,86,6.2,0.0,18.86
2018-07-21 08:00:00,19.1,85,6.7,0.0,18.79
2018-07-21 09:00:00,18.7,87,7.6,0.0,18.159999999999997
2018-07-21 10:00:00,18.2,86,10.1,1.0,16.892999999999997
2018-07-21 11:00:00,19.3,79,11.5,71.0,17.643000000000004
2018-07-21 12:00:00,21.4,65,13.3,235.0,19.415
2018-07-21 13:00:00,22.3,56,13.9,420.0,20.51
2018-07-21 14:00:00,23.0,55,16.8,519.0,20.617
2018-07-21 15:00:00,24.1,50,17.6,709.0,21.947
2018-07-21 16:00:00,24.9,46,18.9,837.0,22.661
2018-07-21 17:00:00,25.1,45,19.8,876.0,22.688
2018-07-21 18:00:00,24.7,46,21.7,790.0,21.48
2018-07-21 19:00:00,24.0,50,22.1,585.0,20.125
2018-07-21 20:00:00,24.2,51,23.3,683.0,20.278999999999996
2018-07-21 21:00:00,23.2,58,24.4,435.0,18.345
2018-07-21 22:00:00,22.4,64,21.0,189.0,17.947
2018-07-21 23:00:00,21.1,74,18.3,40.0,17.210000000000004
2018-07-22 00:00:00,19.9,83,21.1,10.0,15.259999999999998
2018-07-22 01:00:00,19.1,89,24.2,1.0,13.623000000000003
2018-07-22 02:00:00,19.4,93,26.7,0.0,13.249999999999998
2018-07-22 03:00:00,19.9,94,28.3,0.0,13.289999999999997
2018-07-22 04:00:00,20.5,94,31.5,0.0,12.93
2018-07-22 05:00:00,20.6,94,33.9,0.0,12.31
2018-07-22 06:00:00,20.7,95,32.9,0.0,12.729999999999999
2018-07-22 07:00:00,21.8,95,28.7,0.0,15.09
2018-07-22 08:00:00,22.9,93,28.0,0.0,16.36
2018-07-22 09:00:00,23.0,92,30.2,0.0,15.780000000000001
2018-07-22 10:00:00,23.1,87,32.8,1.0,15.003000000000002
2018-07-22 11:00:00,23.0,88,32.4,20.0,15.100000000000003
2018-07-22 12:00:00,23.0,86,21.8,104.0,18.492
2018-07-22 13:00:00,23.2,89,23.8,258.0,18.614
2018-07-22 14:00:00,23.4,84,19.4,249.0,20.006999999999998
2018-07-22 15:00:00,24.6,76,22.1,627.0,21.371000000000002
2018-07-22 16:00:00,25.9,71,20.2,555.0,22.925
2018-07-22 17:00:00,26.9,70,25.9,794.0,22.912
2018-07-22 18:00:00,27.1,71,25.8,763.0,23.069000000000003
2018-07-22 19:00:00,27.0,74,28.7,701.0,21.973000000000003
2018-07-22 20:00:00,25.9,83,29.2,539.0,20.416999999999998
2018-07-22 21:00:00,25.5,86,24.2,392.0,21.136
2018-07-22 22:00:00,24.5,88,22.4,143.0,19.969
2018-07-22 23:00:00,24.3,89,24.2,142.0,19.246
2018-07-23 00:00:00,22.9,96,19.9,30.0,18.94
2018-07-23 01:00:00,23.0,96,23.4,1.0,17.903000000000002
2018-07-23 02:00:00,23.5,94,21.9,0.0,18.81
2018-07-23 03:00:00,23.1,94,18.7,0.0,19.37
2018-07-23 04:00:00,22.9,96,16.9,0.0,19.75
2018-07-23 05:00:00,23.2,95,19.3,0.0,19.31
2018-07-23 06:00:00,23.2,94,17.3,0.0,19.889999999999997
2018-07-23 07:00:00,23.7,94,19.6,0.0,19.7
2018-07-23 08:00:00,23.5,94,22.1,0.0,18.75
2018-07-23 09:00:00,23.3,94,19.7,0.0,19.27
2018-07-23 10:00:00,23.0,96,22.7,0.0,18.110000000000003
2018-07-23 11:00:00,22.5,96,22.1,14.0,17.832000000000004
2018-07-23 12:00:00,22.9,94,11.3,32.0,21.485999999999997
2018-07-23 13:00:00,23.1,95,11.4,21.0,21.642999999999997
2018-07-23 14:00:00,23.5,94,14.9,147.0,21.351
2018-07-23 15:00:00,23.5,96,19.5,230.0,20.26
2018-07-23 16:00:00,23.2,96,17.7,156.0,20.278
2018-07-23 17:00:00,24.5,91,18.7,228.0,21.394000000000002
2018-07-23 18:00:00,25.5,88,24.5,314.0,20.852000000000004
2018-07-23 19:00:00,25.8,86,25.9,511.0,21.283
2018-07-23 20:00:00,25.9,84,25.4,384.0,21.112000000000002
2018-07-23 21:00:00,25.5,84,27.0,264.0,19.872
2018-07-23 22:00:00,25.2,85,26.9,261.0,19.613
2018-07-23 23:00:00,25.0,86,24.6,171.0,19.853
2018-07-24 00:00:00,23.8,91,19.0,51.0,20.073
2018-07-24 01:00:00,23.4,93,17.6,1.0,19.982999999999997
2018-07-24 02:00:00,23.3,92,17.9,0.0,19.770000000000003
2018-07-24 03:00:00,23.3,92,18.7,0.0,19.53
2018-07-24 04:00:00,23.2,92,19.5,0.0,19.189999999999998
2018-07-24 05:00:00,22.9,94,19.2,0.0,19.019999999999996
2018-07-24 06:00:00,22.8,94,20.0,0.0,18.68
2018-07-24 07:00:00,22.9,94,21.7,0.0,18.269999999999996
2018-07-24 08:00:00,22.9,95,22.4,0.0,18.08
2018-07-24 09:00:00,23.0,94,21.6,0.0,18.4
2018-07-24 10:00:00,22.9,94,19.7,0.0,18.869999999999997
2018-07-24 11:00:00,23.3,93,19.2,36.0,19.508
2018-07-24 12:00:00,24.1,93,17.1,107.0,21.151000000000003
2018-07-24 13:00:00,24.9,90,17.7,173.0,21.909
2018-07-24 14:00:00,24.6,90,20.0,138.0,20.814000000000004
2018-07-24 15:00:00,25.7,85,23.7,301.0,21.192999999999998
2018-07-24 16:00:00,26.6,79,29.5,678.0,21.363999999999997
2018-07-24 17:00:00,26.7,79,30.5,692.0,21.206000000000003
2018-07-24 18:00:00,26.8,79,30.6,643.0,21.129
2018-07-24 19:00:00,26.9,78,31.6,697.0,21.070999999999998
2018-07-24 20:00:00,26.5,79,32.4,636.0,20.268
2018-07-24 21:00:00,26.1,81,31.4,505.0,19.815000000000005
2018-07-24 22:00:00,25.5,84,28.9,364.0,19.601999999999997
2018-07-24 23:00:00,25.0,87,23.2,193.0,20.358999999999998
2018-07-25 00:00:00,24.2,90,19.5,66.0,20.348
2018-07-25 01:00:00,23.8,91,17.3,1.0,20.433
2018-07-25 02:00:00,23.5,91,16.9,0.0,20.25
2018-07-25 03:00:00,23.5,92,18.5,0.0,19.79
2018-07-25 04:00:00,23.3,93,20.5,0.0,19.01
2018-07-25 05:00:00,23.2,92,22.2,0.0,18.38
2018-07-25 06:00:00,23.3,91,23.0,0.0,18.220000000000002
2018-07-25 07:00:00,23.3,92,22.4,0.0,18.42
2018-07-25 08:00:00,23.0,93,24.6,0.0,17.48
2018-07-25 09:00:00,22.7,94,22.7,0.0,17.77
2018-07-25 10:00:00,22.5,95,20.7,0.0,18.189999999999998
2018-07-25 11:00:00,22.5,96,20.9,10.0,18.180000000000003
2018-07-25 12:00:00,23.5,95,14.8,41.0,21.083
2018-07-25 13:00:00,23.6,93,20.4,143.0,19.769000000000002
2018-07-25 14:00:00,23.1,96,20.2,152.0,19.416000000000004
2018-07-25 15:00:00,23.4,96,20.4,97.0,19.491000000000003
2018-07-25 16:00:00,23.9,92,21.0,112.0,19.775999999999996
2018-07-25 17:00:00,24.5,90,19.8,251.0,21.113
2018-07-25 18:00:00,24.0,94,18.3,148.0,20.834
2018-07-25 19:00:00,24.1,92,22.5,157.0,19.661
2018-07-25 20:00:00,23.8,94,25.1,124.0,18.522
2018-07-25 21:00:00,23.8,94,21.7,87.0,19.431
2018-07-25 22:00:00,23.6,94,20.7,98.0,19.564
2018-07-25 23:00:00,23.1,95,21.8,35.0,18.565
2018-07-26 00:00:00,22.9,92,15.0,13.0,20.279
2018-07-26 01:00:00,22.5,95,10.8,0.0,21.159999999999997
2018-07-26 02:00:00,22.4,96,14.0,0.0,20.12
2018-07-26 03:00:00,22.1,97,13.0,0.0,20.140000000000004
2018-07-26 04:00:00,22.0,97,12.3,0.0,20.25
2018-07-26 05:00:00,22.0,97,10.8,0.0,20.700000000000003
2018-07-26 06:00:00,22.0,97,8.4,0.0,21.42
2018-07-26 07:00:00,21.9,96,7.6,0.0,21.54
2018-07-26 08:00:00,22.0,96,10.6,0.0,20.740000000000002
2018-07-26 09:00:00,21.8,96,10.2,0.0,20.66
2018-07-26 10:00:00,21.7,96,11.8,0.0,20.08
2018-07-26 11:00:00,22.0,95,12.0,35.0,20.404999999999998
2018-07-26 12:00:00,23.0,92,12.6,148.0,21.503999999999998
2018-07-26 13:00:00,23.8,89,9.6,199.0,23.297000000000004
2018-07-26 14:00:00,24.3,85,7.6,230.0,24.41
2018-07-26 15:00:00,24.8,82,7.2,280.0,25.12
2018-07-26 16:00:00,25.3,80,8.5,359.0,25.427
2018-07-26 17:00:00,25.4,80,10.5,264.0,24.642000000000003
2018-07-26 18:00:00,26.6,75,12.4,594.0,26.162000000000003
2018-07-26 19:00:00,27.9,68,11.0,705.0,28.074999999999996
2018-07-26 20:00:00,28.6,62,10.0,647.0,28.781
2018-07-26 21:00:00,28.9,60,10.4,521.0,28.542999999999996
2018-07-26 22:00:00,28.9,60,8.5,367.0,28.650999999999996
2018-07-26 23:00:00,28.1,67,6.0,220.0,28.3
2018-07-27 00:00:00,26.7,74,9.7,72.0,25.486
2018-07-27 01:00:00,25.9,80,9.2,1.0,24.743000000000002
2018-07-27 02:00:00,25.5,82,8.2,0.0,24.68
2018-07-27 03:00:00,24.9,83,8.2,0.0,24.099999999999998
2018-07-27 04:00:00,24.1,86,9.1,0.0,23.09
2018-07-27 05:00:00,23.5,88,8.8,0.0,22.62
2018-07-27 06:00:00,23.0,90,8.4,0.0,22.28
2018-07-27 07:00:00,22.5,92,7.6,0.0,22.06
2018-07-27 08:00:00,22.1,93,6.8,0.0,21.92
2018-07-27 09:00:00,21.5,93,5.5,0.0,21.71
2018-07-27 10:00:00,21.0,94,4.4,0.0,21.56
2018-07-27 11:00:00,22.5,92,6.6,62.0,22.546
2018-07-27 12:00:00,24.3,89,5.6,215.0,25.045
2018-07-27 13:00:00,25.8,85,7.1,398.0,26.564
2018-07-27 14:00:00,27.1,78,9.5,569.0,27.517
2018-07-27 15:00:00,28.5,68,10.7,697.0,28.741
2018-07-27 16:00:00,29.0,64,11.7,669.0,28.777000000000005
2018-07-27 17:00:00,29.2,63,13.8,685.0,28.375
2018-07-27 18:00:00,27.9,74,16.2,580.0,26.259999999999998
2018-07-27 19:00:00,28.2,71,18.2,519.0,25.716999999999995
2018-07-27 20:00:00,27.6,76,18.0,514.0,25.262000000000004
2018-07-27 21:00:00,27.8,73,15.2,353.0,25.759000000000004
2018-07-27 22:00:00,27.3,74,11.9,259.0,25.987000000000002
2018-07-27 23:00:00,26.5,83,6.0,119.0,26.717
2018-07-28 00:00:00,24.8,89,2.9,43.0,25.839000000000002
2018-07-28 01:00:00,23.9,93,4.3,0.0,24.47
2018-07-28 02:00:00,23.2,96,2.9,0.0,24.249999999999996
2018-07-28 03:00:00,23.1,94,2.8,0.0,24.14
2018-07-28 04:00:00,23.1,91,5.2,0.0,23.360000000000003
2018-07-28 05:00:00,22.5,94,2.1,0.0,23.75
2018-07-28 06:00:00,22.5,92,2.5,0.0,23.59
2018-07-28 07:00:00,22.1,94,3.3,0.0,22.990000000000002
2018-07-28 08:00:00,21.9,94,3.6,0.0,22.699999999999996
2018-07-28 09:00:00,21.1,96,3.9,0.0,21.85
2018-07-28 10:00:00,21.3,93,3.4,0.0,22.14
2018-07-28 11:00:00,22.3,91,2.0,54.0,23.682
2018-07-28 12:00:00,23.0,85,1.0,188.0,24.964
2018-07-28 13:00:00,24.0,81,3.6,330.0,25.529999999999998
2018-07-28 14:00:00,25.2,77,3.1,517.0,27.360999999999997
2018-07-28 15:00:00,26.1,73,3.6,608.0,28.304000000000006
2018-07-28 16:00:00,27.1,67,4.5,655.0,29.055
2018-07-28 17:00:00,27.7,68,5.6,755.0,29.645
2018-07-28 18:00:00,27.9,68,7.6,644.0,28.911999999999995
2018-07-28 19:00:00,28.3,67,10.4,636.0,28.428
2018-07-28 20:00:00,27.7,70,15.9,512.0,25.866
2018-07-28 21:00:00,26.0,76,14.4,408.0,24.424
2018-07-28 22:00:00,25.0,82,9.1,254.0,24.672
2018-07-28 23:00:00,24.8,83,11.6,169.0,23.487000000000002
2018-07-29 00:00:00,24.5,88,11.4,64.0,23.032000000000004
2018-07-29 01:00:00,24.1,90,10.9,1.0,22.633000000000003
2018-07-29 02:00:00,24.4,91,10.3,0.0,23.13
2018-07-29 03:00:00,23.7,87,8.9,0.0,22.769999999999996
2018-07-29 04:00:00,22.6,81,7.9,0.0,21.85
2018-07-29 05:00:00,21.7,80,9.4,0.0,20.48
2018-07-29 06:00:00,21.4,83,11.6,0.0,19.58
2018-07-29 07:00:00,20.9,85,12.2,0.0,18.939999999999998
2018-07-29 08:00:00,20.5,89,10.6,0.0,19.1
2018-07-29 09:00:00,20.0,90,10.2,0.0,18.740000000000002
2018-07-29 10:00:00,19.5,88,11.5,0.0,17.810000000000002
2018-07-29 11:00:00,19.9,83,13.2,60.0,17.779999999999998
2018-07-29 12:00:00,21.6,79,12.5,200.0,20.03
2018-07-29 13:00:00,22.8,72,12.8,362.0,21.486
2018-07-29 14:00:00,23.8,64,12.5,498.0,22.824
2018-07-29 15:00:00,24.6,60,8.9,624.0,25.002000000000002
2018-07-29 16:00:00,25.6,56,6.9,806.0,27.068
2018-07-29 17:00:00,26.5,52,7.9,876.0,27.798
2018-07-29 18:00:00,27.4,48,12.2,851.0,27.253
2018-07-29 19:00:00,27.4,47,13.3,639.0,26.267000000000003
2018-07-29 20:00:00,27.5,47,14.1,575.0,25.935000000000002
2018-07-29 21:00:00,27.4,47,11.3,396.0,26.137999999999998
2018-07-29 22:00:00,27.0,50,9.9,318.0,25.984
2018-07-29 23:00:00,26.2,60,5.4,161.0,26.262999999999998
2018-07-30 00:00:00,24.9,66,5.2,60.0,24.84
2018-07-30 01:00:00,23.6,74,6.6,1.0,23.103
2018-07-30 02:00:00,25.0,60,4.0,0.0,25.0
2018-07-30 03:00:00,21.4,80,7.0,0.0,20.9
2018-07-30 04:00:00,21.2,79,5.5,0.0,21.130000000000003
2018-07-30 05:00:00,19.9,84,5.6,0.0,19.9
2018-07-30 06:00:00,20.1,82,5.0,0.0,20.240000000000002
2018-07-30 07:00:00,19.5,87,4.7,0.0,19.83
2018-07-30 08:00:00,19.4,88,4.6,0.0,19.78
2018-07-30 09:00:00,19.0,89,5.1,0.0,19.25
2018-07-30 10:00:00,18.9,92,5.4,0.0,19.119999999999997
2018-07-30 11:00:00,21.1,88,4.9,55.0,21.555000000000003
2018-07-30 12:00:00,22.3,82,5.8,192.0,22.776000000000003
2018-07-30 13:00:00,24.0,74,3.8,372.0,25.456
2018-07-30 14:00:00,25.5,64,5.0,512.0,26.816000000000003
2018-07-30 15:00:00,26.0,59,6.6,395.0,26.384999999999998
2018-07-30 16:00:00,26.2,56,8.5,417.0,26.021
2018-07-30 17:00:00,26.3,58,9.2,414.0,25.942000000000004
2018-07-30 18:00:00,26.2,59,11.1,426.0,25.328
2018-07-30 19:00:00,25.8,60,10.9,312.0,24.666
2018-07-30 20:00:00,25.4,63,11.1,278.0,24.164
2018-07-30 21:00:00,24.1,78,11.2,123.0,22.669
2018-07-30 22:00:00,23.6,83,7.2,79.0,23.337
2018-07-30 23:00:00,23.4,85,5.9,65.0,23.525
2018-07-31 00:00:00,22.6,86,9.1,25.0,21.665
2018-07-31 01:00:00,22.1,89,9.5,1.0,21.033
2018-07-31 02:00:00,21.5,92,5.1,0.0,21.81
2018-07-31 03:00:00,20.7,92,5.4,0.0,20.919999999999998
2018-07-31 04:00:00,22.2,84,3.1,0.0,22.95
2018-07-31 05:00:00,21.0,89,4.0,0.0,21.580000000000002
2018-07-31 06:00:00,19.2,96,5.9,0.0,19.349999999999998
2018-07-31 07:00:00,19.2,99,4.7,0.0,19.77
2018-07-31 08:00:00,19.9,98,6.5,0.0,19.91
2018-07-31 09:00:00,19.6,98,7.1,0.0,19.430000000000003
2018-07-31 10:00:00,19.6,98,5.7,0.0,19.85
2018-07-31 11:00:00,20.0,97,6.5,44.0,20.122000000000003
2018-07-31 12:00:00,22.4,84,5.8,180.0,22.88
2018-07-31 13:00:00,23.5,76,5.0,357.0,24.591
2018-07-31 14:00:00,24.5,71,5.4,545.0,25.935000000000002
2018-07-31 15:00:00,25.4,66,8.7,662.0,26.096
2018-07-31 16:00:00,25.8,63,12.6,717.0,25.431
2018-07-31 17:00:00,25.5,62,15.1,636.0,24.118000000000002
2018-07-31 18:00:00,26.0,62,15.4,885.0,25.275
2018-07-31 19:00:00,25.5,61,15.1,674.0,24.211999999999996
2018-07-31 20:00:00,25.4,59,15.3,617.0,23.840999999999998
2018-07-31 21:00:00,25.0,59,14.8,548.0,23.384
2018-07-31 22:00:00,24.4,62,14.6,361.0,22.342999999999996
2018-07-31 23:00:00,23.5,68,12.2,207.0,21.820999999999998
2018-08-01 00:00:00,23.1,75,9.3,61.0,21.993000000000002
2018-08-01 01:00:00,22.5,81,7.5,0.0,21.87
2018-08-01 02:00:00,22.3,84,5.9,0.0,22.21
2018-08-01 03:00:00,22.1,86,8.0,0.0,21.42
2018-08-01 04:00:00,22.2,91,10.0,0.0,21.02
2018-08-01 05:00:00,22.2,93,7.9,0.0,21.689999999999998
2018-08-01 06:00:00,22.6,92,7.0,0.0,22.34
2018-08-01 07:00:00,22.6,94,8.0,0.0,22.080000000000002
2018-08-01 08:00:00,22.4,95,8.8,0.0,21.659999999999997
2018-08-01 09:00:00,22.3,96,8.3,0.0,21.729999999999997
2018-08-01 10:00:00,22.4,96,6.9,0.0,22.25
2018-08-01 11:00:00,22.9,96,7.8,15.0,22.525000000000002
2018-08-01 12:00:00,23.5,96,10.3,106.0,22.648000000000003
2018-08-01 13:00:00,24.0,95,12.5,101.0,22.453
2018-08-01 14:00:00,24.6,90,18.1,210.0,21.6
2018-08-01 15:00:00,24.9,91,19.1,369.0,22.096999999999998
2018-08-01 16:00:00,25.9,87,18.0,466.0,23.637999999999998
2018-08-01 17:00:00,26.5,87,19.7,397.0,23.520999999999997
2018-08-01 18:00:00,27.6,80,19.2,628.0,25.324000000000005
2018-08-01 19:00:00,28.3,73,23.3,655.0,24.735000000000003
2018-08-01 20:00:00,28.2,74,22.8,463.0,24.229
2018-08-01 21:00:00,29.0,71,18.7,459.0,26.187
2018-08-01 22:00:00,27.9,77,18.5,304.0,24.801999999999996
2018-08-01 23:00:00,27.5,78,18.9,166.0,23.888
2018-08-02 00:00:00,26.3,83,13.9,52.0,23.945999999999998
2018-08-02 01:00:00,26.0,84,13.4,0.0,23.66
2018-08-02 02:00:00,26.0,82,15.2,0.0,23.080000000000002
2018-08-02 03:00:00,25.5,84,15.1,0.0,22.65
2018-08-02 04:00:00,25.1,87,14.8,0.0,22.4
2018-08-02 05:00:00,25.0,87,15.5,0.0,22.09
2018-08-02 06:00:00,24.9,87,16.0,0.0,21.839999999999996
2018-08-02 07:00:00,24.8,88,14.8,0.0,22.12
2018-08-02 08:00:00,24.6,89,14.8,0.0,21.94
2018-08-02 09:00:00,24.1,91,13.5,0.0,21.87
2018-08-02 10:00:00,23.7,93,11.3,0.0,22.169999999999998
2018-08-02 11:00:00,24.0,92,11.8,38.0,22.414
2018-08-02 12:00:00,25.0,92,11.6,131.0,23.753
2018-08-02 13:00:00,25.9,87,13.9,286.0,24.328
2018-08-02 14:00:00,26.5,83,12.5,402.0,25.616
2018-08-02 15:00:00,27.2,78,10.7,494.0,27.031999999999996
2018-08-02 16:00:00,28.2,72,10.4,704.0,28.631999999999998
2018-08-02 17:00:00,28.6,70,13.9,656.0,27.798
2018-08-02 18:00:00,27.7,74,18.1,672.0,25.766
2018-08-02 19:00:00,27.1,76,22.8,555.0,23.445
2018-08-02 20:00:00,28.4,74,15.2,558.0,26.994
2018-08-02 21:00:00,26.6,80,17.4,369.0,24.087000000000003
2018-08-02 22:00:00,26.0,86,11.8,172.0,24.695999999999998
2018-08-02 23:00:00,25.6,88,10.4,100.0,24.540000000000003
2018-08-03 00:00:00,25.8,90,6.2,37.0,25.851000000000003
2018-08-03 01:00:00,24.9,92,7.9,0.0,24.369999999999997
2018-08-03 02:00:00,24.2,94,12.1,0.0,22.45
2018-08-03 03:00:00,23.8,94,12.0,0.0,22.08
2018-08-03 04:00:00,23.6,94,7.3,0.0,23.29
2018-08-03 05:00:00,23.5,96,6.5,0.0,23.470000000000002
2018-08-03 06:00:00,23.6,96,8.3,0.0,23.03
2018-08-03 07:00:00,23.5,97,9.7,0.0,22.53
2018-08-03 08:00:00,23.7,96,8.7,0.0,23.009999999999998
2018-08-03 09:00:00,23.3,95,10.2,0.0,22.14
2018-08-03 10:00:00,23.2,96,7.3,0.0,22.929999999999996
2018-08-03 11:00:00,23.6,94,6.0,24.0,23.752
2018-08-03 12:00:00,25.1,88,11.5,133.0,23.809000000000005
2018-08-03 13:00:00,26.0,83,12.7,282.0,24.696
2018-08-03 14:00:00,26.9,77,16.0,440.0,24.959999999999997
2018-08-03 15:00:00,27.5,75,15.0,614.0,26.342
2018-08-03 16:00:00,28.3,72,14.7,726.0,27.508000000000003
2018-08-03 17:00:00,28.8,70,15.6,678.0,27.554
2018-08-03 18:00:00,27.1,79,22.1,598.0,23.844
2018-08-03 19:00:00,26.4,79,21.6,542.0,23.125999999999998
2018-08-03 20:00:00,27.3,78,16.9,396.0,24.977999999999998
2018-08-03 21:00:00,27.5,78,13.1,437.0,26.441
2018-08-03 22:00:00,27.5,76,14.8,221.0,25.243
2018-08-03 23:00:00,24.8,87,15.9,103.0,22.079
2018-08-04 00:00:00,24.2,87,10.0,36.0,23.048
2018-08-04 01:00:00,24.0,88,9.3,0.0,22.970000000000002
2018-08-04 02:00:00,23.1,93,4.5,0.0,23.61
2018-08-04 03:00:00,23.1,94,3.0,0.0,24.080000000000002
2018-08-04 04:00:00,23.1,91,2.6,0.0,24.14
2018-08-04 05:00:00,22.9,93,3.8,0.0,23.619999999999997
2018-08-04 06:00:00,23.1,94,6.6,0.0,23.0
2018-08-04 07:00:00,23.4,95,9.4,0.0,22.479999999999997
2018-08-04 08:00:00,22.3,96,12.4,0.0,20.5
